second,Volt1,Volt2
-16.5000E-06,-16.4435928E-03,-16.8905692E-03
-16.2700E-06,-16.4435928E-03,-16.8905692E-03
-16.0400E-06,-16.4435928E-03,-16.8905692E-03
-15.8100E-06,-16.4435928E-03,-16.8905692E-03
-15.5800E-06,-16.4435928E-03,-16.8905692E-03
-15.3500E-06,-16.4435928E-03,-16.8905692E-03
-15.1200E-06,-16.4435928E-03,-16.8905692E-03
-14.8900E-06,-16.4435928E-03,-16.8905692E-03
-14.6600E-06,-16.4435928E-03,-16.8905692E-03
-14.4300E-06,-16.4435928E-03,-16.8905692E-03
-14.2000E-06,-16.4435928E-03,-16.8905692E-03
-13.9700E-06,-16.4435928E-03,-16.8905692E-03
-13.7400E-06,-16.4435928E-03,-16.8905692E-03
-13.5100E-06,-16.4435928E-03,-16.8905692E-03
-13.2800E-06,-16.4435928E-03,-16.8905692E-03
-13.0500E-06,-16.4435928E-03,-16.8905692E-03
-12.8200E-06,-16.4435928E-03,-16.8905692E-03
-12.5900E-06,-16.4435928E-03,-16.8905692E-03
-12.3600E-06,-16.4435928E-03,-16.8905692E-03
-12.1300E-06,-16.4435928E-03,-16.8905692E-03
-11.9000E-06,-16.4435928E-03,-16.8905692E-03
-11.6700E-06,-16.4435928E-03,-16.8905692E-03
-11.4400E-06,-16.4435928E-03,-16.8905692E-03
-11.2100E-06,-16.4435928E-03,-16.8905692E-03
-10.9800E-06,-16.4435928E-03,-16.8905692E-03
-10.7500E-06,-16.4435928E-03,-16.8905692E-03
-10.5200E-06,-16.4435928E-03,-16.8905692E-03
-10.2900E-06,-16.4435928E-03,-16.8905692E-03
-10.0600E-06,-16.4435928E-03,-16.8905692E-03
-9.8300E-06,-16.4435928E-03,-16.8905692E-03
-9.6000E-06,-16.4435928E-03,-16.8905692E-03
-9.3700E-06,-16.4435928E-03,-16.8905692E-03
-9.1400E-06,-16.4435928E-03,-16.8905692E-03
-8.9100E-06,-16.4435928E-03,-16.8905692E-03
-8.6800E-06,-16.4435928E-03,-16.8905692E-03
-8.4500E-06,-16.4435928E-03,-16.8905692E-03
-8.2200E-06,-16.4435928E-03,-16.8905692E-03
-7.9900E-06,-16.4435928E-03,-16.8905692E-03
-7.7600E-06,-16.4435928E-03,-16.8905692E-03
-7.5300E-06,-16.4435928E-03,-16.8905692E-03
-7.3000E-06,-16.4435928E-03,-16.8905692E-03
-7.0700E-06,-16.4435928E-03,-16.8905692E-03
-6.8400E-06,-16.4435928E-03,-16.8905692E-03
-6.6100E-06,-16.4435928E-03,-16.8905692E-03
-6.3800E-06,-16.4435928E-03,-16.8905692E-03
-6.1500E-06,-16.4435928E-03,-16.8905692E-03
-5.9200E-06,-16.4435928E-03,-16.8905692E-03
-5.6900E-06,-16.4435928E-03,-16.8905692E-03
-5.4600E-06,-16.4435928E-03,-16.8905692E-03
-5.2300E-06,-16.4435928E-03,-16.8905692E-03
-5.0000E-06,-16.4435928E-03,-16.8905692E-03
-4.7700E-06,-16.4435928E-03,-16.8905692E-03
-4.5400E-06,-16.4435928E-03,-16.8905692E-03
-4.3100E-06,-16.4435928E-03,-16.8905692E-03
-4.0800E-06,-16.4435928E-03,-16.8905692E-03
-3.8500E-06,-16.4435928E-03,-16.8905692E-03
-3.6200E-06,-16.4435928E-03,-16.8905692E-03
-3.3900E-06,-16.4435928E-03,-16.8905692E-03
-3.1600E-06,-16.4435928E-03,-16.8905692E-03
-2.9300E-06,-16.4435928E-03,-16.8905692E-03
-2.7000E-06,-16.4435928E-03,-16.8905692E-03
-2.4700E-06,-16.4435928E-03,-16.8905692E-03
-2.2400E-06,-16.4435928E-03,-16.8905692E-03
-2.0100E-06,-16.4435928E-03,-16.8905692E-03
-1.7800E-06,-16.4435928E-03,-16.8905692E-03
-1.5500E-06,-16.4435928E-03,-16.8905692E-03
-1.3200E-06,+34.7322861E-03,-16.2875542E-03
-1.0900E-06,+182.3403247E-03,-14.6292627E-03
-860.0E-09,+182.3403247E-03,-13.8754939E-03
-630.0E-09,+182.3403247E-03,-12.5187100E-03
-400.0E-09,+182.3403247E-03,-10.8604186E-03
-170.0E-09,+182.2448473E-03,-8.7498658E-03
+60.0E-09,+182.2448473E-03,-5.8855442E-03
+290.0E-09,+182.1493699E-03,-2.8704689E-03
+520.0E-09,+182.0538925E-03,+898.3753E-06
+750.0E-09,+182.0538925E-03,+5.1194808E-03
+980.0E-09,+181.9584151E-03,+9.6420938E-03
+1.2100E-06,+181.8629378E-03,+14.6169681E-03
+1.4400E-06,+181.7674604E-03,+19.7425962E-03
+1.6700E-06,+181.6719830E-03,+25.7727469E-03
+1.9000E-06,+181.5765056E-03,+31.9536513E-03
+2.1300E-06,+181.5765056E-03,+38.4360633E-03
+2.3600E-06,+181.4810282E-03,+45.2199829E-03
+2.5900E-06,+181.4810282E-03,+52.0039024E-03
+2.8200E-06,+181.3855508E-03,+59.3908370E-03
+3.0500E-06,+181.2900734E-03,+67.2300329E-03
+3.2800E-06,+181.2900734E-03,+74.9184750E-03
+3.5100E-06,+181.2900734E-03,+83.0591784E-03
+3.7400E-06,+181.2900734E-03,+91.3506356E-03
+3.9700E-06,+181.1945961E-03,+99.6420928E-03
+4.2000E-06,+181.1945961E-03,+108.5365651E-03
+4.4300E-06,+181.1945961E-03,+117.1295298E-03
+4.6600E-06,+181.1945961E-03,+126.0240021E-03
+4.8900E-06,+181.1945961E-03,+134.7677206E-03
+5.1200E-06,+181.1945961E-03,+143.8129466E-03
+5.3500E-06,+181.1945961E-03,+152.8581727E-03
+5.5800E-06,+181.1945961E-03,+161.6018912E-03
+5.8100E-06,+181.2900734E-03,+170.4963634E-03
+6.0400E-06,+181.1945961E-03,+178.9385744E-03
+6.2700E-06,+181.1945961E-03,+187.6822929E-03
+6.5000E-06,+181.2900734E-03,+196.4260114E-03
+6.7300E-06,+181.3855508E-03,+205.0189761E-03
+6.9600E-06,+181.3855508E-03,+213.1596796E-03
+7.1900E-06,+181.3855508E-03,+221.3003830E-03
+7.4200E-06,+181.4810282E-03,+229.4410864E-03
+7.6500E-06,+181.5765056E-03,+237.4310361E-03
+7.8800E-06,+181.6719830E-03,+244.9687244E-03
+8.1100E-06,+181.7674604E-03,+252.3556590E-03
+8.3400E-06,+181.7674604E-03,+259.5918399E-03
+8.5700E-06,+181.8629378E-03,+266.3757594E-03
+8.8000E-06,+182.0538925E-03,+272.8581714E-03
+9.0300E-06,+182.0538925E-03,+279.0390758E-03
+9.2600E-06,+182.1493699E-03,+285.0692265E-03
+9.4900E-06,+182.2448473E-03,+290.4963621E-03
+9.7200E-06,+182.3403247E-03,+295.7727440E-03
+9.9500E-06,+182.4358021E-03,+300.5968645E-03
+10.1800E-06,+182.4358021E-03,+305.1194776E-03
+10.4100E-06,+182.5312795E-03,+309.1898293E-03
+10.6400E-06,+182.5312795E-03,+313.2601810E-03
+10.8700E-06,+182.6267568E-03,+316.4260101E-03
+11.1000E-06,+182.7222342E-03,+319.5918392E-03
+11.3300E-06,+182.7222342E-03,+322.1546533E-03
+11.5600E-06,+182.8177116E-03,+324.5667135E-03
+11.7900E-06,+183.0086664E-03,+326.0742512E-03
+12.0200E-06,+183.1041438E-03,+327.5817889E-03
+12.2500E-06,+183.1996212E-03,+328.3355577E-03
+12.4800E-06,+183.2950985E-03,+329.0893266E-03
+12.7100E-06,+183.3905759E-03,+329.3908341E-03
+12.9400E-06,+183.4860533E-03,+329.2400803E-03
+13.1700E-06,+183.5815307E-03,+328.4863115E-03
+13.4000E-06,+183.7724855E-03,+327.8832964E-03
+13.6300E-06,+183.8679629E-03,+326.5265125E-03
+13.8600E-06,+183.9634402E-03,+325.1697286E-03
+14.0900E-06,+183.9634402E-03,+323.0591759E-03
+14.3200E-06,+184.0589176E-03,+320.6471156E-03
+14.5500E-06,+184.0589176E-03,+317.7827940E-03
+14.7800E-06,+184.1543950E-03,+314.7677187E-03
+15.0100E-06,+184.1543950E-03,+311.4511358E-03
+15.2400E-06,+184.2498724E-03,+307.6822916E-03
+15.4700E-06,+184.3453498E-03,+303.7626937E-03
+15.7000E-06,+184.3453498E-03,+299.3908344E-03
+15.9300E-06,+184.4408272E-03,+294.8682214E-03
+16.1600E-06,+184.5363046E-03,+290.1948546E-03
+16.3900E-06,+184.5363046E-03,+285.3707341E-03
+16.6200E-06,+184.6317819E-03,+279.9435984E-03
+16.8500E-06,+184.7272593E-03,+274.3657090E-03
+17.0800E-06,+184.7272593E-03,+268.7878197E-03
+17.3100E-06,+184.8227367E-03,+262.9084227E-03
+17.5400E-06,+184.9182141E-03,+257.0290258E-03
+17.7700E-06,+184.9182141E-03,+250.6973676E-03
+18.0000E-06,+184.9182141E-03,+244.6672169E-03
+18.2300E-06,+185.0136915E-03,+238.0340511E-03
+18.4600E-06,+185.0136915E-03,+231.4008854E-03
+18.6900E-06,+185.0136915E-03,+224.7677196E-03
+18.9200E-06,+185.0136915E-03,+218.1345539E-03
+19.1500E-06,+185.0136915E-03,+211.5013881E-03
+19.3800E-06,+185.0136915E-03,+205.1697299E-03
+19.6100E-06,+185.0136915E-03,+198.2350566E-03
+19.8400E-06,+185.0136915E-03,+191.7526446E-03
+20.0700E-06,+185.0136915E-03,+184.9687251E-03
+20.3000E-06,+185.0136915E-03,+178.3355593E-03
+20.5300E-06,+185.0136915E-03,+172.1546549E-03
+20.7600E-06,+185.1091689E-03,+165.8229966E-03
+20.9900E-06,+185.0136915E-03,+159.6420922E-03
+21.2200E-06,+185.0136915E-03,+153.4611877E-03
+21.4500E-06,+184.9182141E-03,+147.4310370E-03
+21.6800E-06,+184.9182141E-03,+141.4008864E-03
+21.9100E-06,+184.8227367E-03,+135.5214894E-03
+22.1400E-06,+184.8227367E-03,+130.0943538E-03
+22.3700E-06,+184.7272593E-03,+124.6672182E-03
+22.6000E-06,+184.7272593E-03,+119.3908363E-03
+22.8300E-06,+184.6317819E-03,+114.4159620E-03
+23.0600E-06,+184.5363046E-03,+109.8933490E-03
+23.2900E-06,+184.4408272E-03,+105.2199822E-03
+23.5200E-06,+184.4408272E-03,+100.6973692E-03
+23.7500E-06,+184.3453498E-03,+96.9285250E-03
+23.9800E-06,+184.3453498E-03,+93.3104346E-03
+24.2100E-06,+184.2498724E-03,+89.6923442E-03
+24.4400E-06,+184.2498724E-03,+86.5265151E-03
+24.6700E-06,+184.1543950E-03,+83.6621935E-03
+24.9000E-06,+184.0589176E-03,+80.9486257E-03
+25.1300E-06,+184.0589176E-03,+78.8380730E-03
+25.3600E-06,+184.0589176E-03,+76.7275202E-03
+25.5900E-06,+183.9634402E-03,+74.9184750E-03
+25.8200E-06,+183.9634402E-03,+73.4109373E-03
+26.0500E-06,+183.8679629E-03,+72.3556610E-03
+26.2800E-06,+183.7724855E-03,+71.6018921E-03
+26.5100E-06,+183.7724855E-03,+70.8481233E-03
+26.7400E-06,+183.6770081E-03,+70.5466158E-03
+26.9700E-06,+183.5815307E-03,+70.6973695E-03
+27.2000E-06,+183.5815307E-03,+71.1496308E-03
+27.4300E-06,+183.4860533E-03,+71.9033997E-03
+27.6600E-06,+183.3905759E-03,+72.8079223E-03
+27.8900E-06,+183.2950985E-03,+74.1647062E-03
+28.1200E-06,+183.1996212E-03,+75.6722438E-03
+28.3500E-06,+183.1041438E-03,+77.4812890E-03
+28.5800E-06,+183.0086664E-03,+79.4410880E-03
+28.8100E-06,+183.0086664E-03,+81.8531483E-03
+29.0400E-06,+183.0086664E-03,+84.2652086E-03
+29.2700E-06,+182.9131890E-03,+87.1295301E-03
+29.5000E-06,+182.8177116E-03,+90.1446055E-03
+29.7300E-06,+182.8177116E-03,+93.4611884E-03
+29.9600E-06,+182.7222342E-03,+96.7777713E-03
+30.1900E-06,+182.7222342E-03,+100.2451079E-03
+30.4200E-06,+182.7222342E-03,+104.3154596E-03
+30.6500E-06,+182.6267568E-03,+108.3858113E-03
+30.8800E-06,+182.6267568E-03,+112.3054093E-03
+31.1100E-06,+182.6267568E-03,+116.6772685E-03
+31.3400E-06,+182.6267568E-03,+121.3506353E-03
+31.5700E-06,+182.6267568E-03,+125.7224946E-03
+31.8000E-06,+182.6267568E-03,+130.3958613E-03
+32.0300E-06,+182.6267568E-03,+135.0692281E-03
+32.2600E-06,+182.5312795E-03,+140.0441024E-03
+32.4900E-06,+182.5312795E-03,+144.8682230E-03
+32.7200E-06,+182.5312795E-03,+149.8430973E-03
+32.9500E-06,+182.5312795E-03,+154.9687254E-03
+33.1800E-06,+182.5312795E-03,+159.9435997E-03
+33.4100E-06,+182.5312795E-03,+164.7677203E-03
+33.6400E-06,+182.5312795E-03,+169.7425946E-03
+33.8700E-06,+182.5312795E-03,+174.7174689E-03
+34.1000E-06,+182.5312795E-03,+179.3908357E-03
+34.3300E-06,+182.5312795E-03,+184.3657100E-03
+34.5600E-06,+182.5312795E-03,+189.3405843E-03
+34.7900E-06,+182.5312795E-03,+194.1647049E-03
+35.0200E-06,+182.5312795E-03,+198.8380717E-03
+35.2500E-06,+182.6267568E-03,+203.5114384E-03
+35.4800E-06,+182.6267568E-03,+208.1848052E-03
+35.7100E-06,+182.6267568E-03,+212.2551569E-03
+35.9400E-06,+182.6267568E-03,+216.7777700E-03
+36.1700E-06,+182.6267568E-03,+220.8481217E-03
+36.4000E-06,+182.7222342E-03,+224.9184734E-03
+36.6300E-06,+182.7222342E-03,+228.6873176E-03
+36.8600E-06,+182.7222342E-03,+232.6069155E-03
+37.0900E-06,+182.8177116E-03,+236.3757597E-03
+37.3200E-06,+182.8177116E-03,+239.5415888E-03
+37.5500E-06,+182.9131890E-03,+242.7074179E-03
+37.7800E-06,+182.9131890E-03,+245.8732470E-03
+38.0100E-06,+183.0086664E-03,+248.4360611E-03
+38.2400E-06,+183.0086664E-03,+251.1496289E-03
+38.4700E-06,+183.1041438E-03,+253.5616892E-03
+38.7000E-06,+183.1041438E-03,+255.6722419E-03
+38.9300E-06,+183.1996212E-03,+257.7827947E-03
+39.1600E-06,+183.2950985E-03,+259.5918399E-03
+39.3900E-06,+183.3905759E-03,+260.7978700E-03
+39.6200E-06,+183.3905759E-03,+262.1546539E-03
+39.8500E-06,+183.4860533E-03,+263.2099303E-03
+40.0800E-06,+183.5815307E-03,+264.1144529E-03
+40.3100E-06,+183.5815307E-03,+264.7174679E-03
+40.5400E-06,+183.6770081E-03,+265.1697292E-03
+40.7700E-06,+183.6770081E-03,+265.3204830E-03
+41.0000E-06,+183.7724855E-03,+265.3204830E-03
+41.2300E-06,+183.7724855E-03,+265.0189755E-03
+41.4600E-06,+183.8679629E-03,+264.4159604E-03
+41.6900E-06,+183.8679629E-03,+263.5114378E-03
+41.9200E-06,+183.9634402E-03,+262.7576690E-03
+42.1500E-06,+183.9634402E-03,+261.5516388E-03
+42.3800E-06,+183.9634402E-03,+260.3456087E-03
+42.6100E-06,+184.0589176E-03,+258.8380710E-03
+42.8400E-06,+184.0589176E-03,+257.1797796E-03
+43.0700E-06,+184.0589176E-03,+255.3707344E-03
+43.3000E-06,+184.1543950E-03,+253.1094279E-03
+43.5300E-06,+184.1543950E-03,+250.8481214E-03
+43.7600E-06,+184.2498724E-03,+248.4360611E-03
+43.9900E-06,+184.2498724E-03,+246.0240008E-03
+44.2200E-06,+184.2498724E-03,+243.3104330E-03
+44.4500E-06,+184.2498724E-03,+240.2953577E-03
+44.6800E-06,+184.3453498E-03,+237.5817898E-03
+44.9100E-06,+184.3453498E-03,+234.4159607E-03
+45.1400E-06,+184.3453498E-03,+230.9486241E-03
+45.3700E-06,+184.3453498E-03,+227.6320412E-03
+45.6000E-06,+184.3453498E-03,+224.1647046E-03
+45.8300E-06,+184.4408272E-03,+220.6973679E-03
+46.0600E-06,+184.4408272E-03,+217.2300313E-03
+46.2900E-06,+184.4408272E-03,+213.6119409E-03
+46.5200E-06,+184.4408272E-03,+209.9938504E-03
+46.7500E-06,+184.4408272E-03,+206.5265138E-03
+46.9800E-06,+184.4408272E-03,+202.6069158E-03
+47.2100E-06,+184.4408272E-03,+198.8380717E-03
+47.4400E-06,+184.4408272E-03,+195.2199813E-03
+47.6700E-06,+184.4408272E-03,+191.6018908E-03
+47.9000E-06,+184.4408272E-03,+187.5315391E-03
+48.1300E-06,+184.4408272E-03,+183.9134487E-03
+48.3600E-06,+184.4408272E-03,+180.1446045E-03
+48.5900E-06,+184.4408272E-03,+176.3757603E-03
+48.8200E-06,+184.4408272E-03,+173.0591775E-03
+49.0500E-06,+184.4408272E-03,+169.5918408E-03
+49.2800E-06,+184.4408272E-03,+166.1245042E-03
+49.5100E-06,+184.4408272E-03,+162.8079213E-03
+49.7400E-06,+184.4408272E-03,+159.4913384E-03
+49.9700E-06,+184.4408272E-03,+156.3255093E-03
+50.2000E-06,+184.3453498E-03,+153.1596802E-03
+50.4300E-06,+184.3453498E-03,+150.1446048E-03
+50.6600E-06,+184.2498724E-03,+147.1295295E-03
+50.8900E-06,+184.2498724E-03,+144.4159617E-03
+51.1200E-06,+184.2498724E-03,+141.7023939E-03
+51.3500E-06,+184.2498724E-03,+139.1395798E-03
+51.5800E-06,+184.1543950E-03,+136.5767658E-03
+51.8100E-06,+184.1543950E-03,+134.4662131E-03
+52.0400E-06,+184.1543950E-03,+132.3556603E-03
+52.2700E-06,+184.1543950E-03,+130.2451076E-03
+52.5000E-06,+184.1543950E-03,+128.4360624E-03
+52.7300E-06,+184.0589176E-03,+126.9285247E-03
+52.9600E-06,+184.0589176E-03,+125.4209870E-03
+53.1900E-06,+184.0589176E-03,+124.2149569E-03
+53.4200E-06,+184.0589176E-03,+123.1596805E-03
+53.6500E-06,+183.9634402E-03,+122.1044041E-03
+53.8800E-06,+183.9634402E-03,+121.0491278E-03
+54.1100E-06,+183.9634402E-03,+120.5968665E-03
+54.3400E-06,+183.8679629E-03,+120.1446052E-03
+54.5700E-06,+183.8679629E-03,+119.6923439E-03
+54.8000E-06,+183.8679629E-03,+119.5415901E-03
+55.0300E-06,+183.7724855E-03,+119.6923439E-03
+55.2600E-06,+183.7724855E-03,+119.8430976E-03
+55.4900E-06,+183.7724855E-03,+120.2953589E-03
+55.7200E-06,+183.6770081E-03,+120.7476202E-03
+55.9500E-06,+183.6770081E-03,+121.5013891E-03
+56.1800E-06,+183.5815307E-03,+122.4059117E-03
+56.4100E-06,+183.5815307E-03,+123.3104343E-03
+56.6400E-06,+183.4860533E-03,+124.6672182E-03
+56.8700E-06,+183.4860533E-03,+125.7224946E-03
+57.1000E-06,+183.4860533E-03,+127.2300322E-03
+57.3300E-06,+183.4860533E-03,+128.5868161E-03
+57.5600E-06,+183.3905759E-03,+130.3958613E-03
+57.7900E-06,+183.3905759E-03,+132.2049065E-03
+58.0200E-06,+183.3905759E-03,+134.1647055E-03
+58.2500E-06,+183.2950985E-03,+135.9737507E-03
+58.4800E-06,+183.2950985E-03,+138.3858110E-03
+58.7100E-06,+183.2950985E-03,+140.6471175E-03
+58.9400E-06,+183.1996212E-03,+142.9084240E-03
+59.1700E-06,+183.1996212E-03,+145.3204843E-03
+59.4000E-06,+183.1996212E-03,+147.8832983E-03
+59.6300E-06,+183.1996212E-03,+150.4461124E-03
+59.8600E-06,+183.1996212E-03,+153.0089264E-03
+60.0900E-06,+183.1041438E-03,+155.7224942E-03
+60.3200E-06,+183.1041438E-03,+158.5868158E-03
+60.5500E-06,+183.1041438E-03,+161.3003836E-03
+60.7800E-06,+183.1041438E-03,+163.8631977E-03
+61.0100E-06,+183.1041438E-03,+166.5767655E-03
+61.2400E-06,+183.1041438E-03,+169.4410871E-03
+61.4700E-06,+183.1041438E-03,+172.3054086E-03
+61.7000E-06,+183.0086664E-03,+174.8682227E-03
+61.9300E-06,+183.0086664E-03,+177.5817905E-03
+62.1600E-06,+183.0086664E-03,+180.4461121E-03
+62.3900E-06,+183.0086664E-03,+183.1596799E-03
+62.6200E-06,+183.0086664E-03,+185.8732477E-03
+62.8500E-06,+183.1041438E-03,+188.5868155E-03
+63.0800E-06,+183.1041438E-03,+191.4511371E-03
+63.3100E-06,+183.1041438E-03,+194.1647049E-03
+63.5400E-06,+183.1041438E-03,+196.5767652E-03
+63.7700E-06,+183.1041438E-03,+198.9888254E-03
+64.0000E-06,+183.1996212E-03,+201.5516395E-03
+64.2300E-06,+183.1996212E-03,+203.9636998E-03
+64.4600E-06,+183.1996212E-03,+206.3757600E-03
+64.6900E-06,+183.1996212E-03,+208.3355590E-03
+64.9200E-06,+183.2950985E-03,+210.2953580E-03
+65.1500E-06,+183.2950985E-03,+212.2551569E-03
+65.3800E-06,+183.2950985E-03,+214.3657097E-03
+65.6100E-06,+183.3905759E-03,+216.1747549E-03
+65.8400E-06,+183.3905759E-03,+217.8330463E-03
+66.0700E-06,+183.3905759E-03,+219.3405840E-03
+66.3000E-06,+183.4860533E-03,+220.8481217E-03
+66.5300E-06,+183.4860533E-03,+222.0541518E-03
+66.7600E-06,+183.5815307E-03,+223.4109357E-03
+66.9900E-06,+183.5815307E-03,+224.3154583E-03
+67.2200E-06,+183.5815307E-03,+225.3707347E-03
+67.4500E-06,+183.6770081E-03,+226.4260111E-03
+67.6800E-06,+183.6770081E-03,+227.0290261E-03
+67.9100E-06,+183.6770081E-03,+227.6320412E-03
+68.1400E-06,+183.7724855E-03,+228.2350563E-03
+68.3700E-06,+183.7724855E-03,+228.6873176E-03
+68.6000E-06,+183.7724855E-03,+228.8380713E-03
+68.8300E-06,+183.7724855E-03,+228.9888251E-03
+69.0600E-06,+183.8679629E-03,+228.9888251E-03
+69.2900E-06,+183.8679629E-03,+228.8380713E-03
+69.5200E-06,+183.8679629E-03,+228.3858100E-03
+69.7500E-06,+183.8679629E-03,+228.0843025E-03
+69.9800E-06,+183.9634402E-03,+227.4812874E-03
+70.2100E-06,+183.9634402E-03,+226.7275186E-03
+70.4400E-06,+183.9634402E-03,+226.1245035E-03
+70.6700E-06,+183.9634402E-03,+225.2199809E-03
+70.9000E-06,+183.9634402E-03,+224.1647046E-03
+71.1300E-06,+184.0589176E-03,+223.1094282E-03
+71.3600E-06,+184.0589176E-03,+221.9033981E-03
+71.5900E-06,+184.0589176E-03,+220.8481217E-03
+71.8200E-06,+184.0589176E-03,+219.3405840E-03
+72.0500E-06,+184.0589176E-03,+217.9838001E-03
+72.2800E-06,+184.0589176E-03,+216.4762624E-03
+72.5100E-06,+184.0589176E-03,+214.8179710E-03
+72.7400E-06,+184.1543950E-03,+213.0089258E-03
+72.9700E-06,+184.1543950E-03,+211.3506343E-03
+73.2000E-06,+184.1543950E-03,+209.5415891E-03
+73.4300E-06,+184.1543950E-03,+207.8832977E-03
+73.6600E-06,+184.1543950E-03,+206.0742525E-03
+73.8900E-06,+184.1543950E-03,+204.1144535E-03
+74.1200E-06,+184.1543950E-03,+202.0039008E-03
+74.3500E-06,+184.1543950E-03,+199.8933480E-03
+74.5800E-06,+184.1543950E-03,+197.7827953E-03
+74.8100E-06,+184.1543950E-03,+195.6722426E-03
+75.0400E-06,+184.1543950E-03,+193.7124436E-03
+75.2700E-06,+184.1543950E-03,+191.6018908E-03
+75.5000E-06,+184.1543950E-03,+189.3405843E-03
+75.7300E-06,+184.1543950E-03,+187.2300316E-03
+75.9600E-06,+184.1543950E-03,+185.1194788E-03
+76.1900E-06,+184.1543950E-03,+183.0089261E-03
+76.4200E-06,+184.1543950E-03,+180.8983734E-03
+76.6500E-06,+184.1543950E-03,+178.7878206E-03
+76.8800E-06,+184.1543950E-03,+176.6772679E-03
+77.1100E-06,+184.1543950E-03,+175.0189764E-03
+77.3400E-06,+184.1543950E-03,+173.2099312E-03
+77.5700E-06,+184.2498724E-03,+171.2501323E-03
+77.8000E-06,+184.1543950E-03,+169.2903333E-03
+78.0300E-06,+184.1543950E-03,+167.4812881E-03
+78.2600E-06,+184.1543950E-03,+165.8229966E-03
+78.4900E-06,+184.1543950E-03,+164.1647052E-03
+78.7200E-06,+184.1543950E-03,+162.5064138E-03
+78.9500E-06,+184.1543950E-03,+161.1496299E-03
+79.1800E-06,+184.1543950E-03,+159.4913384E-03
+79.4100E-06,+184.1543950E-03,+158.1345545E-03
+79.6400E-06,+184.0589176E-03,+156.7777706E-03
+79.8700E-06,+184.0589176E-03,+155.4209867E-03
+80.1000E-06,+184.0589176E-03,+154.3657103E-03
+80.3300E-06,+184.0589176E-03,+153.0089264E-03
+80.5600E-06,+184.0589176E-03,+152.1044038E-03
+80.7900E-06,+184.0589176E-03,+151.3506350E-03
+81.0200E-06,+184.0589176E-03,+150.2953586E-03
+81.2500E-06,+183.9634402E-03,+149.5415898E-03
+81.4800E-06,+183.9634402E-03,+148.9385747E-03
+81.7100E-06,+183.9634402E-03,+148.3355596E-03
+81.9400E-06,+183.9634402E-03,+147.7325446E-03
+82.1700E-06,+183.9634402E-03,+147.4310370E-03
+82.4000E-06,+183.8679629E-03,+147.1295295E-03
+82.6300E-06,+183.8679629E-03,+147.1295295E-03
+82.8600E-06,+183.8679629E-03,+146.9787757E-03
+83.0900E-06,+183.8679629E-03,+146.9787757E-03
+83.3200E-06,+183.8679629E-03,+147.1295295E-03
+83.5500E-06,+183.8679629E-03,+147.2802833E-03
+83.7800E-06,+183.7724855E-03,+147.5817908E-03
+84.0100E-06,+183.7724855E-03,+148.0340521E-03
+84.2400E-06,+183.7724855E-03,+148.6370672E-03
+84.4700E-06,+183.7724855E-03,+149.0893285E-03
+84.7000E-06,+183.7724855E-03,+149.6923435E-03
+84.9300E-06,+183.7724855E-03,+150.5968662E-03
+85.1600E-06,+183.6770081E-03,+151.5013888E-03
+85.3900E-06,+183.6770081E-03,+152.2551576E-03
+85.6200E-06,+183.6770081E-03,+153.1596802E-03
+85.8500E-06,+183.6770081E-03,+154.3657103E-03
+86.0800E-06,+183.6770081E-03,+155.2702329E-03
+86.3100E-06,+183.6770081E-03,+156.4762631E-03
+86.5400E-06,+183.5815307E-03,+157.5315394E-03
+86.7700E-06,+183.5815307E-03,+158.8883233E-03
+87.0000E-06,+183.5815307E-03,+160.2451073E-03
+87.2300E-06,+183.5815307E-03,+161.6018912E-03
+87.4600E-06,+183.5815307E-03,+163.1094288E-03
+87.6900E-06,+183.5815307E-03,+164.3154590E-03
+87.9200E-06,+183.5815307E-03,+165.8229966E-03
+88.1500E-06,+183.5815307E-03,+167.0290268E-03
+88.3800E-06,+183.5815307E-03,+168.6873182E-03
+88.6100E-06,+183.5815307E-03,+170.3456097E-03
+88.8400E-06,+183.5815307E-03,+172.0039011E-03
+89.0700E-06,+183.4860533E-03,+173.5114388E-03
+89.3000E-06,+183.4860533E-03,+174.8682227E-03
+89.5300E-06,+183.3905759E-03,+176.2250066E-03
+89.7600E-06,+183.3905759E-03,+178.0340518E-03
+89.9900E-06,+183.3905759E-03,+179.3908357E-03
+90.2200E-06,+183.4860533E-03,+181.0491271E-03
+90.4500E-06,+183.4860533E-03,+182.7074186E-03
+90.6800E-06,+183.4860533E-03,+184.2149562E-03
+90.9100E-06,+183.4860533E-03,+185.7224939E-03
+91.1400E-06,+183.4860533E-03,+187.3807854E-03
+91.3700E-06,+183.4860533E-03,+188.5868155E-03
+91.6000E-06,+183.4860533E-03,+190.3958607E-03
+91.8300E-06,+183.4860533E-03,+191.7526446E-03
+92.0600E-06,+183.4860533E-03,+193.1094285E-03
+92.2900E-06,+183.4860533E-03,+194.4662124E-03
+92.5200E-06,+183.5815307E-03,+195.6722426E-03
+92.7500E-06,+183.5815307E-03,+197.0290265E-03
+92.9800E-06,+183.5815307E-03,+197.9335491E-03
+93.2100E-06,+183.5815307E-03,+199.2903330E-03
+93.4400E-06,+183.5815307E-03,+200.3456093E-03
+93.6700E-06,+183.6770081E-03,+201.2501319E-03
+93.9000E-06,+183.6770081E-03,+202.3054083E-03
+94.1300E-06,+183.6770081E-03,+203.2099309E-03
+94.3600E-06,+183.6770081E-03,+204.1144535E-03
+94.5900E-06,+183.6770081E-03,+204.8682224E-03
+94.8200E-06,+183.6770081E-03,+205.4712374E-03
+95.0500E-06,+183.7724855E-03,+206.2250063E-03
+95.2800E-06,+183.7724855E-03,+206.9787751E-03
+95.5100E-06,+183.7724855E-03,+207.2802826E-03
+95.7400E-06,+183.7724855E-03,+207.5817902E-03
+95.9700E-06,+183.7724855E-03,+207.8832977E-03
+96.2000E-06,+183.7724855E-03,+208.0340515E-03
+96.4300E-06,+183.8679629E-03,+208.3355590E-03
+96.6600E-06,+183.8679629E-03,+208.4863128E-03
+96.8900E-06,+183.8679629E-03,+208.6370665E-03
+97.1200E-06,+183.8679629E-03,+208.4863128E-03
+97.3500E-06,+183.8679629E-03,+208.4863128E-03
+97.5800E-06,+183.8679629E-03,+208.1848052E-03
+97.8100E-06,+183.8679629E-03,+208.0340515E-03
+98.0400E-06,+183.9634402E-03,+207.7325439E-03
+98.2700E-06,+183.9634402E-03,+207.4310364E-03
+98.5000E-06,+183.9634402E-03,+207.1295289E-03
+98.7300E-06,+183.9634402E-03,+206.6772676E-03
+98.9600E-06,+183.9634402E-03,+205.9234987E-03
+99.1900E-06,+183.9634402E-03,+205.4712374E-03
+99.4200E-06,+183.9634402E-03,+204.8682224E-03
+99.6500E-06,+183.9634402E-03,+204.1144535E-03
+99.8800E-06,+183.9634402E-03,+203.0591771E-03
+100.1100E-06,+183.9634402E-03,+202.4561621E-03
+100.3400E-06,+183.9634402E-03,+201.5516395E-03
+100.5700E-06,+184.0589176E-03,+200.4963631E-03
+100.8000E-06,+184.0589176E-03,+199.5918405E-03
+101.0300E-06,+184.0589176E-03,+198.5365641E-03
+101.2600E-06,+184.0589176E-03,+197.6320415E-03
+101.4900E-06,+184.0589176E-03,+196.5767652E-03
+101.7200E-06,+184.0589176E-03,+195.3707350E-03
+101.9500E-06,+184.0589176E-03,+194.4662124E-03
+102.1800E-06,+184.0589176E-03,+193.2601823E-03
+102.4100E-06,+184.0589176E-03,+192.3556597E-03
+102.6400E-06,+184.0589176E-03,+190.8481220E-03
+102.8700E-06,+184.0589176E-03,+189.7928456E-03
+103.1000E-06,+184.0589176E-03,+188.4360617E-03
+103.3300E-06,+184.0589176E-03,+187.3807854E-03
+103.5600E-06,+184.0589176E-03,+186.0240015E-03
+103.7900E-06,+184.0589176E-03,+184.9687251E-03
+104.0200E-06,+184.0589176E-03,+183.6119412E-03
+104.2500E-06,+184.0589176E-03,+182.5566648E-03
+104.4800E-06,+184.0589176E-03,+181.1998809E-03
+104.7100E-06,+184.0589176E-03,+180.2953583E-03
+104.9400E-06,+184.0589176E-03,+178.9385744E-03
+105.1700E-06,+184.0589176E-03,+178.0340518E-03
+105.4000E-06,+184.0589176E-03,+176.6772679E-03
+105.6300E-06,+184.0589176E-03,+175.9234990E-03
+105.8600E-06,+184.0589176E-03,+174.7174689E-03
+106.0900E-06,+184.0589176E-03,+173.8129463E-03
+106.3200E-06,+184.0589176E-03,+173.0591775E-03
+106.5500E-06,+184.0589176E-03,+172.0039011E-03
+106.7800E-06,+184.0589176E-03,+171.0993785E-03
+107.0100E-06,+184.0589176E-03,+170.1948559E-03
+107.2400E-06,+184.0589176E-03,+169.1395795E-03
+107.4700E-06,+184.0589176E-03,+168.5365645E-03
+107.7000E-06,+184.0589176E-03,+167.6320418E-03
+107.9300E-06,+184.0589176E-03,+166.8782730E-03
+108.1600E-06,+184.0589176E-03,+166.2752579E-03
+108.3900E-06,+183.9634402E-03,+165.8229966E-03
+108.6200E-06,+183.9634402E-03,+165.0692278E-03
+108.8500E-06,+183.9634402E-03,+164.6169665E-03
+109.0800E-06,+183.9634402E-03,+164.1647052E-03
+109.3100E-06,+183.9634402E-03,+163.8631977E-03
+109.5400E-06,+183.9634402E-03,+163.5616901E-03
+109.7700E-06,+183.9634402E-03,+163.2601826E-03
+110.0000E-06,+183.9634402E-03,+162.9586751E-03
+110.2300E-06,+183.9634402E-03,+162.8079213E-03
+110.4600E-06,+183.9634402E-03,+162.5064138E-03
+110.6900E-06,+183.9634402E-03,+162.5064138E-03
+110.9200E-06,+183.9634402E-03,+162.3556600E-03
+111.1500E-06,+183.8679629E-03,+162.3556600E-03
+111.3800E-06,+183.8679629E-03,+162.5064138E-03
+111.6100E-06,+183.8679629E-03,+162.6571675E-03
+111.8400E-06,+183.8679629E-03,+162.9586751E-03
+112.0700E-06,+183.8679629E-03,+163.1094288E-03
+112.3000E-06,+183.8679629E-03,+163.4109364E-03
+112.5300E-06,+183.8679629E-03,+163.7124439E-03
+112.7600E-06,+183.8679629E-03,+164.0139514E-03
+112.9900E-06,+183.8679629E-03,+164.3154590E-03
+113.2200E-06,+183.8679629E-03,+164.7677203E-03
+113.4500E-06,+183.7724855E-03,+165.2199816E-03
+113.6800E-06,+183.7724855E-03,+165.9737504E-03
+113.9100E-06,+183.7724855E-03,+166.2752579E-03
+114.1400E-06,+183.7724855E-03,+166.8782730E-03
+114.3700E-06,+183.7724855E-03,+167.6320418E-03
+114.6000E-06,+183.7724855E-03,+168.3858107E-03
+114.8300E-06,+183.7724855E-03,+168.9888258E-03
+115.0600E-06,+183.7724855E-03,+169.7425946E-03
+115.2900E-06,+183.7724855E-03,+170.6471172E-03
+115.5200E-06,+183.7724855E-03,+171.4008860E-03
+115.7500E-06,+183.7724855E-03,+172.1546549E-03
+115.9800E-06,+183.7724855E-03,+173.0591775E-03
+116.2100E-06,+183.6770081E-03,+173.8129463E-03
+116.4400E-06,+183.6770081E-03,+174.5667151E-03
+116.6700E-06,+183.6770081E-03,+175.4712377E-03
+116.9000E-06,+183.6770081E-03,+176.2250066E-03
+117.1300E-06,+183.6770081E-03,+177.1295292E-03
+117.3600E-06,+183.6770081E-03,+178.0340518E-03
+117.5900E-06,+183.6770081E-03,+178.6370669E-03
+117.8200E-06,+183.6770081E-03,+179.6923432E-03
+118.0500E-06,+183.6770081E-03,+180.7476196E-03
+118.2800E-06,+183.6770081E-03,+181.5013884E-03
+118.5100E-06,+183.6770081E-03,+182.4059110E-03
+118.7400E-06,+183.6770081E-03,+183.3104336E-03
+118.9700E-06,+183.6770081E-03,+184.0642025E-03
+119.2000E-06,+183.6770081E-03,+185.1194788E-03
+119.4300E-06,+183.6770081E-03,+185.7224939E-03
+119.6600E-06,+183.6770081E-03,+186.6270165E-03
+119.8900E-06,+183.6770081E-03,+187.5315391E-03
+120.1200E-06,+183.6770081E-03,+188.1345542E-03
+120.3500E-06,+183.6770081E-03,+188.8883230E-03
+120.5800E-06,+183.6770081E-03,+189.7928456E-03
+120.8100E-06,+183.6770081E-03,+190.5466145E-03
+121.0400E-06,+183.7724855E-03,+191.3003833E-03
+121.2700E-06,+183.7724855E-03,+191.9033984E-03
+121.5000E-06,+183.7724855E-03,+192.5064134E-03
+121.7300E-06,+183.7724855E-03,+192.9586747E-03
+121.9600E-06,+183.7724855E-03,+193.5616898E-03
+122.1900E-06,+183.7724855E-03,+194.0139511E-03
+122.4200E-06,+183.7724855E-03,+194.6169662E-03
+122.6500E-06,+183.7724855E-03,+195.0692275E-03
+122.8800E-06,+183.7724855E-03,+195.3707350E-03
+123.1100E-06,+183.7724855E-03,+195.5214888E-03
+123.3400E-06,+183.7724855E-03,+195.8229963E-03
+123.5700E-06,+183.7724855E-03,+196.1245039E-03
+123.8000E-06,+183.8679629E-03,+196.4260114E-03
+124.0300E-06,+183.8679629E-03,+196.7275189E-03
+124.2600E-06,+183.8679629E-03,+196.8782727E-03
+124.4900E-06,+183.8679629E-03,+197.0290265E-03
+124.7200E-06,+183.8679629E-03,+197.0290265E-03
+124.9500E-06,+183.8679629E-03,+197.1797802E-03
+125.1800E-06,+183.8679629E-03,+197.0290265E-03
+125.4100E-06,+183.8679629E-03,+197.0290265E-03
+125.6400E-06,+183.8679629E-03,+196.8782727E-03
+125.8700E-06,+183.8679629E-03,+196.7275189E-03
+126.1000E-06,+183.8679629E-03,+196.5767652E-03
+126.3300E-06,+183.8679629E-03,+196.2752576E-03
+126.5600E-06,+183.8679629E-03,+195.9737501E-03
+126.7900E-06,+183.9634402E-03,+195.8229963E-03
+127.0200E-06,+183.9634402E-03,+195.5214888E-03
+127.2500E-06,+183.9634402E-03,+195.2199813E-03
+127.4800E-06,+183.9634402E-03,+194.9184737E-03
+127.7100E-06,+183.9634402E-03,+194.6169662E-03
+127.9400E-06,+183.9634402E-03,+194.0139511E-03
+128.1700E-06,+183.9634402E-03,+193.4109360E-03
+128.4000E-06,+183.9634402E-03,+192.9586747E-03
+128.6300E-06,+183.9634402E-03,+192.6571672E-03
+128.8600E-06,+183.9634402E-03,+192.2049059E-03
+129.0900E-06,+183.9634402E-03,+191.4511371E-03
+129.3200E-06,+183.9634402E-03,+190.8481220E-03
+129.5500E-06,+183.9634402E-03,+190.2451069E-03
+129.7800E-06,+183.9634402E-03,+189.4913381E-03
+130.0100E-06,+183.9634402E-03,+188.7375693E-03
+130.2400E-06,+183.9634402E-03,+188.1345542E-03
+130.4700E-06,+183.9634402E-03,+187.6822929E-03
+130.7000E-06,+183.9634402E-03,+186.9285241E-03
+130.9300E-06,+183.9634402E-03,+186.1747552E-03
+131.1600E-06,+183.9634402E-03,+185.5717401E-03
+131.3900E-06,+183.9634402E-03,+185.1194788E-03
+131.6200E-06,+183.9634402E-03,+184.2149562E-03
+131.8500E-06,+183.9634402E-03,+183.4611874E-03
+132.0800E-06,+183.9634402E-03,+182.8581723E-03
+132.3100E-06,+183.9634402E-03,+182.2551573E-03
+132.5400E-06,+183.9634402E-03,+181.5013884E-03
+132.7700E-06,+183.9634402E-03,+180.8983734E-03
+133.0000E-06,+183.9634402E-03,+180.2953583E-03
+133.2300E-06,+183.9634402E-03,+179.6923432E-03
+133.4600E-06,+183.9634402E-03,+178.9385744E-03
+133.6900E-06,+183.9634402E-03,+178.3355593E-03
+133.9200E-06,+183.9634402E-03,+177.8832980E-03
+134.1500E-06,+183.9634402E-03,+177.2802830E-03
+134.3800E-06,+183.9634402E-03,+176.6772679E-03
+134.6100E-06,+183.9634402E-03,+176.2250066E-03
+134.8400E-06,+183.9634402E-03,+175.7727453E-03
+135.0700E-06,+183.9634402E-03,+175.3204840E-03
+135.3000E-06,+183.9634402E-03,+174.7174689E-03
+135.5300E-06,+183.9634402E-03,+174.1144538E-03
+135.7600E-06,+183.9634402E-03,+173.8129463E-03
+135.9900E-06,+183.9634402E-03,+173.6621925E-03
+136.2200E-06,+183.9634402E-03,+173.3606850E-03
+136.4500E-06,+183.9634402E-03,+173.0591775E-03
+136.6800E-06,+183.9634402E-03,+172.7576699E-03
+136.9100E-06,+183.9634402E-03,+172.3054086E-03
+137.1400E-06,+183.9634402E-03,+172.0039011E-03
+137.3700E-06,+183.9634402E-03,+171.7023936E-03
+137.6000E-06,+183.9634402E-03,+171.5516398E-03
+137.8300E-06,+183.9634402E-03,+171.4008860E-03
+138.0600E-06,+183.9634402E-03,+171.2501323E-03
+138.2900E-06,+183.9634402E-03,+171.2501323E-03
+138.5200E-06,+183.9634402E-03,+171.0993785E-03
+138.7500E-06,+183.9634402E-03,+171.0993785E-03
+138.9800E-06,+183.9634402E-03,+171.0993785E-03
+139.2100E-06,+183.9634402E-03,+171.0993785E-03
+139.4400E-06,+183.9634402E-03,+171.0993785E-03
+139.6700E-06,+183.9634402E-03,+171.0993785E-03
+139.9000E-06,+183.8679629E-03,+171.2501323E-03
+140.1300E-06,+183.8679629E-03,+171.4008860E-03
+140.3600E-06,+183.8679629E-03,+171.5516398E-03
+140.5900E-06,+183.8679629E-03,+171.7023936E-03
+140.8200E-06,+183.8679629E-03,+171.8531473E-03
+141.0500E-06,+183.8679629E-03,+172.1546549E-03
+141.2800E-06,+183.8679629E-03,+172.4561624E-03
+141.5100E-06,+183.8679629E-03,+172.7576699E-03
+141.7400E-06,+183.8679629E-03,+173.0591775E-03
+141.9700E-06,+183.8679629E-03,+173.3606850E-03
+142.2000E-06,+183.8679629E-03,+173.6621925E-03
+142.4300E-06,+183.8679629E-03,+173.8129463E-03
+142.6600E-06,+183.7724855E-03,+174.2652076E-03
+142.8900E-06,+183.7724855E-03,+174.7174689E-03
+143.1200E-06,+183.7724855E-03,+175.1697302E-03
+143.3500E-06,+183.7724855E-03,+175.4712377E-03
+143.5800E-06,+183.7724855E-03,+175.9234990E-03
+143.8100E-06,+183.7724855E-03,+176.2250066E-03
+144.0400E-06,+183.7724855E-03,+176.6772679E-03
+144.2700E-06,+183.7724855E-03,+177.2802830E-03
+144.5000E-06,+183.7724855E-03,+177.8832980E-03
+144.7300E-06,+183.7724855E-03,+178.3355593E-03
+144.9600E-06,+183.7724855E-03,+178.6370669E-03
+145.1900E-06,+183.7724855E-03,+179.0893282E-03
+145.4200E-06,+183.7724855E-03,+179.6923432E-03
+145.6500E-06,+183.7724855E-03,+180.2953583E-03
+145.8800E-06,+183.7724855E-03,+180.7476196E-03
+146.1100E-06,+183.7724855E-03,+181.1998809E-03
+146.3400E-06,+183.7724855E-03,+181.6521422E-03
+146.5700E-06,+183.7724855E-03,+182.2551573E-03
+146.8000E-06,+183.7724855E-03,+182.7074186E-03
+147.0300E-06,+183.7724855E-03,+183.1596799E-03
+147.2600E-06,+183.7724855E-03,+183.6119412E-03
+147.4900E-06,+183.7724855E-03,+184.0642025E-03
+147.7200E-06,+183.7724855E-03,+184.6672175E-03
+147.9500E-06,+183.7724855E-03,+185.2702326E-03
+148.1800E-06,+183.7724855E-03,+185.5717401E-03
+148.4100E-06,+183.7724855E-03,+186.0240015E-03
+148.6400E-06,+183.7724855E-03,+186.1747552E-03
+148.8700E-06,+183.7724855E-03,+186.6270165E-03
+149.1000E-06,+183.7724855E-03,+187.0792778E-03
+149.3300E-06,+183.7724855E-03,+187.5315391E-03
+149.5600E-06,+183.7724855E-03,+187.8330467E-03
+149.7900E-06,+183.7724855E-03,+188.1345542E-03
+150.0200E-06,+183.7724855E-03,+188.4360617E-03
+150.2500E-06,+183.7724855E-03,+188.7375693E-03
+150.4800E-06,+183.7724855E-03,+188.8883230E-03
+150.7100E-06,+183.8679629E-03,+189.1898306E-03
+150.9400E-06,+183.8679629E-03,+189.4913381E-03
+151.1700E-06,+183.8679629E-03,+189.7928456E-03
+151.4000E-06,+183.8679629E-03,+189.9435994E-03
+151.6300E-06,+183.8679629E-03,+190.0943532E-03
+151.8600E-06,+183.8679629E-03,+190.2451069E-03
+152.0900E-06,+183.8679629E-03,+190.3958607E-03
+152.3200E-06,+183.8679629E-03,+190.3958607E-03
+152.5500E-06,+183.8679629E-03,+190.5466145E-03
+152.7800E-06,+183.8679629E-03,+190.5466145E-03
+153.0100E-06,+183.8679629E-03,+190.5466145E-03
+153.2400E-06,+183.8679629E-03,+190.5466145E-03
+153.4700E-06,+183.8679629E-03,+190.5466145E-03
+153.7000E-06,+183.8679629E-03,+190.5466145E-03
+153.9300E-06,+183.8679629E-03,+190.3958607E-03
+154.1600E-06,+183.8679629E-03,+190.3958607E-03
+154.3900E-06,+183.8679629E-03,+190.2451069E-03
+154.6200E-06,+183.8679629E-03,+190.0943532E-03
+154.8500E-06,+183.8679629E-03,+189.7928456E-03
+155.0800E-06,+183.8679629E-03,+189.6420919E-03
+155.3100E-06,+183.8679629E-03,+189.3405843E-03
+155.5400E-06,+183.9634402E-03,+189.0390768E-03
+155.7700E-06,+183.8679629E-03,+188.7375693E-03
+156.0000E-06,+183.9634402E-03,+188.5868155E-03
+156.2300E-06,+183.9634402E-03,+188.4360617E-03
+156.4600E-06,+183.9634402E-03,+188.1345542E-03
+156.6900E-06,+183.9634402E-03,+187.9838004E-03
+156.9200E-06,+183.9634402E-03,+187.6822929E-03
+157.1500E-06,+183.9634402E-03,+187.2300316E-03
+157.3800E-06,+183.9634402E-03,+186.7777703E-03
+157.6100E-06,+183.9634402E-03,+186.4762628E-03
+157.8400E-06,+183.9634402E-03,+186.1747552E-03
+158.0700E-06,+183.9634402E-03,+185.8732477E-03
+158.3000E-06,+183.9634402E-03,+185.5717401E-03
+158.5300E-06,+183.9634402E-03,+185.2702326E-03
+158.7600E-06,+183.9634402E-03,+184.8179713E-03
+158.9900E-06,+183.9634402E-03,+184.3657100E-03
+159.2200E-06,+183.9634402E-03,+183.9134487E-03
+159.4500E-06,+183.9634402E-03,+183.4611874E-03
+159.6800E-06,+183.9634402E-03,+183.3104336E-03
+159.9100E-06,+183.9634402E-03,+183.0089261E-03
+160.1400E-06,+183.9634402E-03,+182.5566648E-03
+160.3700E-06,+183.9634402E-03,+182.1044035E-03
+160.6000E-06,+183.9634402E-03,+181.6521422E-03
+160.8300E-06,+183.9634402E-03,+181.1998809E-03
+161.0600E-06,+183.9634402E-03,+180.8983734E-03
+161.2900E-06,+183.9634402E-03,+180.5968658E-03
+161.5200E-06,+183.9634402E-03,+180.4461121E-03
+161.7500E-06,+183.9634402E-03,+179.9938508E-03
+161.9800E-06,+183.9634402E-03,+179.5415895E-03
+162.2100E-06,+183.9634402E-03,+179.2400819E-03
+162.4400E-06,+183.9634402E-03,+178.9385744E-03
+162.6700E-06,+183.9634402E-03,+178.6370669E-03
+162.9000E-06,+183.9634402E-03,+178.3355593E-03
+163.1300E-06,+183.8679629E-03,+178.1848056E-03
+163.3600E-06,+183.8679629E-03,+178.0340518E-03
+163.5900E-06,+183.8679629E-03,+177.7325443E-03
+163.8200E-06,+183.8679629E-03,+177.4310367E-03
+164.0500E-06,+183.8679629E-03,+177.1295292E-03
+164.2800E-06,+183.8679629E-03,+176.8280216E-03
+164.5100E-06,+183.8679629E-03,+176.6772679E-03
+164.7400E-06,+183.8679629E-03,+176.5265141E-03
+164.9700E-06,+183.8679629E-03,+176.2250066E-03
+165.2000E-06,+183.8679629E-03,+176.2250066E-03
+165.4300E-06,+183.8679629E-03,+176.2250066E-03
+165.6600E-06,+183.8679629E-03,+176.0742528E-03
+165.8900E-06,+183.8679629E-03,+175.9234990E-03
+166.1200E-06,+183.8679629E-03,+175.9234990E-03
+166.3500E-06,+183.8679629E-03,+175.7727453E-03
+166.5800E-06,+183.8679629E-03,+175.7727453E-03
+166.8100E-06,+183.8679629E-03,+175.7727453E-03
+167.0400E-06,+183.8679629E-03,+175.7727453E-03
+167.2700E-06,+183.8679629E-03,+175.7727453E-03
+167.5000E-06,+183.8679629E-03,+175.7727453E-03
+167.7300E-06,+183.8679629E-03,+175.7727453E-03
+167.9600E-06,+183.8679629E-03,+175.9234990E-03
+168.1900E-06,+183.8679629E-03,+175.9234990E-03
+168.4200E-06,+183.8679629E-03,+176.0742528E-03
+168.6500E-06,+183.8679629E-03,+176.0742528E-03
+168.8800E-06,+183.8679629E-03,+176.2250066E-03
+169.1100E-06,+183.8679629E-03,+176.2250066E-03
+169.3400E-06,+183.8679629E-03,+176.3757603E-03
+169.5700E-06,+183.8679629E-03,+176.5265141E-03
+169.8000E-06,+183.8679629E-03,+176.6772679E-03
+170.0300E-06,+183.8679629E-03,+176.9787754E-03
+170.2600E-06,+183.8679629E-03,+177.1295292E-03
+170.4900E-06,+183.7724855E-03,+177.4310367E-03
+170.7200E-06,+183.7724855E-03,+177.5817905E-03
+170.9500E-06,+183.7724855E-03,+177.8832980E-03
+171.1800E-06,+183.7724855E-03,+178.1848056E-03
+171.4100E-06,+183.7724855E-03,+178.3355593E-03
+171.6400E-06,+183.7724855E-03,+178.4863131E-03
+171.8700E-06,+183.7724855E-03,+178.7878206E-03
+172.1000E-06,+183.7724855E-03,+178.9385744E-03
+172.3300E-06,+183.7724855E-03,+179.2400819E-03
+172.5600E-06,+183.7724855E-03,+179.5415895E-03
+172.7900E-06,+183.7724855E-03,+179.8430970E-03
+173.0200E-06,+183.7724855E-03,+180.1446045E-03
+173.2500E-06,+183.7724855E-03,+180.4461121E-03
+173.4800E-06,+183.7724855E-03,+180.7476196E-03
+173.7100E-06,+183.7724855E-03,+181.0491271E-03
+173.9400E-06,+183.7724855E-03,+181.1998809E-03
+174.1700E-06,+183.7724855E-03,+181.5013884E-03
+174.4000E-06,+183.7724855E-03,+181.8028960E-03
+174.6300E-06,+183.7724855E-03,+182.1044035E-03
+174.8600E-06,+183.7724855E-03,+182.4059110E-03
+175.0900E-06,+183.7724855E-03,+182.8581723E-03
+175.3200E-06,+183.7724855E-03,+183.0089261E-03
+175.5500E-06,+183.7724855E-03,+183.3104336E-03
+175.7800E-06,+183.7724855E-03,+183.4611874E-03
+176.0100E-06,+183.8679629E-03,+183.7626949E-03
+176.2400E-06,+183.7724855E-03,+183.9134487E-03
+176.4700E-06,+183.8679629E-03,+184.2149562E-03
+176.7000E-06,+183.8679629E-03,+184.5164638E-03
+176.9300E-06,+183.7724855E-03,+184.8179713E-03
+177.1600E-06,+183.8679629E-03,+184.9687251E-03
+177.3900E-06,+183.8679629E-03,+185.2702326E-03
+177.6200E-06,+183.8679629E-03,+185.4209864E-03
+177.8500E-06,+183.8679629E-03,+185.5717401E-03
+178.0800E-06,+183.8679629E-03,+185.7224939E-03
+178.3100E-06,+183.8679629E-03,+185.8732477E-03
+178.5400E-06,+183.8679629E-03,+185.8732477E-03
+178.7700E-06,+183.8679629E-03,+186.0240015E-03
+179.0000E-06,+183.8679629E-03,+186.1747552E-03
+179.2300E-06,+183.8679629E-03,+186.3255090E-03
+179.4600E-06,+183.8679629E-03,+186.3255090E-03
+179.6900E-06,+183.8679629E-03,+186.4762628E-03
+179.9200E-06,+183.8679629E-03,+186.4762628E-03
+180.1500E-06,+183.8679629E-03,+186.6270165E-03
+180.3800E-06,+183.8679629E-03,+186.6270165E-03
+180.6100E-06,+183.8679629E-03,+186.7777703E-03
+180.8400E-06,+183.8679629E-03,+186.7777703E-03
+181.0700E-06,+183.8679629E-03,+186.7777703E-03
+181.3000E-06,+183.8679629E-03,+186.7777703E-03
+181.5300E-06,+183.8679629E-03,+186.7777703E-03
+181.7600E-06,+183.8679629E-03,+186.7777703E-03
+181.9900E-06,+183.8679629E-03,+186.6270165E-03
+182.2200E-06,+183.8679629E-03,+186.6270165E-03
+182.4500E-06,+183.8679629E-03,+186.4762628E-03
+182.6800E-06,+183.8679629E-03,+186.4762628E-03
+182.9100E-06,+183.8679629E-03,+186.3255090E-03
+183.1400E-06,+183.8679629E-03,+186.1747552E-03
+183.3700E-06,+183.8679629E-03,+186.1747552E-03
+183.6000E-06,+183.8679629E-03,+186.0240015E-03
+183.8300E-06,+183.8679629E-03,+185.8732477E-03
+184.0600E-06,+183.8679629E-03,+185.8732477E-03
+184.2900E-06,+183.8679629E-03,+185.7224939E-03
+184.5200E-06,+183.8679629E-03,+185.5717401E-03
+184.7500E-06,+183.8679629E-03,+185.4209864E-03
+184.9800E-06,+183.8679629E-03,+185.2702326E-03
+185.2100E-06,+183.8679629E-03,+184.9687251E-03
+185.4400E-06,+183.8679629E-03,+184.9687251E-03
+185.6700E-06,+183.8679629E-03,+184.6672175E-03
+185.9000E-06,+183.8679629E-03,+184.3657100E-03
+186.1300E-06,+183.8679629E-03,+184.2149562E-03
+186.3600E-06,+183.8679629E-03,+183.9134487E-03
+186.5900E-06,+183.8679629E-03,+183.7626949E-03
+186.8200E-06,+183.8679629E-03,+183.4611874E-03
+187.0500E-06,+183.8679629E-03,+183.3104336E-03
+187.2800E-06,+183.8679629E-03,+183.1596799E-03
+187.5100E-06,+183.8679629E-03,+183.0089261E-03
+187.7400E-06,+183.8679629E-03,+182.8581723E-03
+187.9700E-06,+183.8679629E-03,+182.5566648E-03
+188.2000E-06,+183.8679629E-03,+182.2551573E-03
+188.4300E-06,+183.8679629E-03,+182.1044035E-03
+188.6600E-06,+183.8679629E-03,+181.8028960E-03
+188.8900E-06,+183.8679629E-03,+181.5013884E-03
+189.1200E-06,+183.8679629E-03,+181.3506347E-03
+189.3500E-06,+183.8679629E-03,+181.1998809E-03
+189.5800E-06,+183.8679629E-03,+181.0491271E-03
+189.8100E-06,+183.8679629E-03,+180.8983734E-03
+190.0400E-06,+183.8679629E-03,+180.7476196E-03
+190.2700E-06,+183.8679629E-03,+180.5968658E-03
+190.5000E-06,+183.8679629E-03,+180.2953583E-03
+190.7300E-06,+183.8679629E-03,+180.1446045E-03
+190.9600E-06,+183.8679629E-03,+179.9938508E-03
+191.1900E-06,+183.8679629E-03,+179.8430970E-03
+191.4200E-06,+183.8679629E-03,+179.6923432E-03
+191.6500E-06,+183.8679629E-03,+179.3908357E-03
+191.8800E-06,+183.8679629E-03,+179.2400819E-03
+192.1100E-06,+183.8679629E-03,+179.0893282E-03
+192.3400E-06,+183.8679629E-03,+178.9385744E-03
+192.5700E-06,+183.8679629E-03,+178.9385744E-03
+192.8000E-06,+183.8679629E-03,+178.7878206E-03
+193.0300E-06,+183.8679629E-03,+178.7878206E-03
+193.2600E-06,+183.8679629E-03,+178.6370669E-03
+193.4900E-06,+183.8679629E-03,+178.6370669E-03
+193.7200E-06,+183.8679629E-03,+178.6370669E-03
+193.9500E-06,+183.8679629E-03,+178.4863131E-03
+194.1800E-06,+183.8679629E-03,+178.4863131E-03
+194.4100E-06,+183.8679629E-03,+178.4863131E-03
+194.6400E-06,+183.8679629E-03,+178.4863131E-03
+194.8700E-06,+183.8679629E-03,+178.4863131E-03
+195.1000E-06,+183.8679629E-03,+178.4863131E-03
+195.3300E-06,+183.8679629E-03,+178.4863131E-03
+195.5600E-06,+183.8679629E-03,+178.4863131E-03
+195.7900E-06,+183.8679629E-03,+178.4863131E-03
+196.0200E-06,+183.8679629E-03,+178.4863131E-03
+196.2500E-06,+183.8679629E-03,+178.4863131E-03
+196.4800E-06,+183.8679629E-03,+178.6370669E-03
+196.7100E-06,+183.8679629E-03,+178.6370669E-03
+196.9400E-06,+183.8679629E-03,+178.6370669E-03
+197.1700E-06,+183.8679629E-03,+178.7878206E-03
+197.4000E-06,+183.8679629E-03,+178.7878206E-03
+197.6300E-06,+183.8679629E-03,+178.9385744E-03
+197.8600E-06,+183.8679629E-03,+178.9385744E-03
+198.0900E-06,+183.8679629E-03,+179.0893282E-03
+198.3200E-06,+183.8679629E-03,+179.2400819E-03
+198.5500E-06,+183.8679629E-03,+179.2400819E-03
+198.7800E-06,+183.8679629E-03,+179.3908357E-03
+199.0100E-06,+183.8679629E-03,+179.6923432E-03
+199.2400E-06,+183.8679629E-03,+179.8430970E-03
+199.4700E-06,+183.8679629E-03,+179.9938508E-03
+199.7000E-06,+183.8679629E-03,+180.1446045E-03
+199.9300E-06,+183.8679629E-03,+180.2953583E-03
+200.1600E-06,+183.8679629E-03,+180.4461121E-03
+200.3900E-06,+183.8679629E-03,+180.5968658E-03
+200.6200E-06,+183.8679629E-03,+180.7476196E-03
+200.8500E-06,+183.8679629E-03,+180.8983734E-03
+201.0800E-06,+183.8679629E-03,+181.0491271E-03
+201.3100E-06,+183.8679629E-03,+181.0491271E-03
+201.5400E-06,+183.8679629E-03,+181.1998809E-03
+201.7700E-06,+183.8679629E-03,+181.3506347E-03
+202.0000E-06,+183.8679629E-03,+181.5013884E-03
+202.2300E-06,+183.8679629E-03,+181.8028960E-03
+202.4600E-06,+183.8679629E-03,+181.9536497E-03
+202.6900E-06,+183.8679629E-03,+182.1044035E-03
+202.9200E-06,+183.8679629E-03,+182.2551573E-03
+203.1500E-06,+183.8679629E-03,+182.5566648E-03
+203.3800E-06,+183.8679629E-03,+182.7074186E-03
+203.6100E-06,+183.8679629E-03,+182.8581723E-03
+203.8400E-06,+183.8679629E-03,+183.0089261E-03
+204.0700E-06,+183.8679629E-03,+183.0089261E-03
+204.3000E-06,+183.8679629E-03,+183.1596799E-03
+204.5300E-06,+183.8679629E-03,+183.3104336E-03
+204.7600E-06,+183.8679629E-03,+183.4611874E-03
+204.9900E-06,+183.8679629E-03,+183.4611874E-03
+205.2200E-06,+183.8679629E-03,+183.6119412E-03
+205.4500E-06,+183.8679629E-03,+183.7626949E-03
+205.6800E-06,+183.8679629E-03,+183.7626949E-03
+205.9100E-06,+183.8679629E-03,+183.9134487E-03
+206.1400E-06,+183.8679629E-03,+184.0642025E-03
+206.3700E-06,+183.8679629E-03,+184.0642025E-03
+206.6000E-06,+183.8679629E-03,+184.2149562E-03
+206.8300E-06,+183.8679629E-03,+184.3657100E-03
+207.0600E-06,+183.8679629E-03,+184.3657100E-03
+207.2900E-06,+183.8679629E-03,+184.5164638E-03
+207.5200E-06,+183.8679629E-03,+184.5164638E-03
+207.7500E-06,+183.8679629E-03,+184.6672175E-03
+207.9800E-06,+183.8679629E-03,+184.6672175E-03
+208.2100E-06,+183.8679629E-03,+184.6672175E-03
+208.4400E-06,+183.8679629E-03,+184.8179713E-03
+208.6700E-06,+183.8679629E-03,+184.8179713E-03
+208.9000E-06,+183.8679629E-03,+184.8179713E-03
+209.1300E-06,+183.8679629E-03,+184.8179713E-03
+209.3600E-06,+183.8679629E-03,+184.8179713E-03
+209.5900E-06,+183.8679629E-03,+184.8179713E-03
+209.8200E-06,+183.8679629E-03,+184.6672175E-03
+210.0500E-06,+183.8679629E-03,+184.6672175E-03
+210.2800E-06,+183.8679629E-03,+184.6672175E-03
+210.5100E-06,+183.8679629E-03,+184.6672175E-03
+210.7400E-06,+183.8679629E-03,+184.5164638E-03
+210.9700E-06,+183.8679629E-03,+184.5164638E-03
+211.2000E-06,+183.8679629E-03,+184.3657100E-03
+211.4300E-06,+183.8679629E-03,+184.3657100E-03
+211.6600E-06,+183.8679629E-03,+184.2149562E-03
+211.8900E-06,+183.8679629E-03,+184.2149562E-03
+212.1200E-06,+183.8679629E-03,+184.0642025E-03
+212.3500E-06,+183.8679629E-03,+183.9134487E-03
+212.5800E-06,+183.8679629E-03,+183.9134487E-03
+212.8100E-06,+183.8679629E-03,+183.7626949E-03
+213.0400E-06,+183.8679629E-03,+183.7626949E-03
+213.2700E-06,+183.8679629E-03,+183.6119412E-03
+213.5000E-06,+183.8679629E-03,+183.6119412E-03
+213.7300E-06,+183.8679629E-03,+183.4611874E-03
+213.9600E-06,+183.8679629E-03,+183.3104336E-03
+214.1900E-06,+183.8679629E-03,+183.3104336E-03
+214.4200E-06,+183.8679629E-03,+183.1596799E-03
+214.6500E-06,+183.8679629E-03,+183.0089261E-03
+214.8800E-06,+183.8679629E-03,+183.0089261E-03
+215.1100E-06,+183.8679629E-03,+182.8581723E-03
+215.3400E-06,+183.8679629E-03,+182.7074186E-03
+215.5700E-06,+183.8679629E-03,+182.5566648E-03
+215.8000E-06,+183.8679629E-03,+182.4059110E-03
+216.0300E-06,+183.8679629E-03,+182.2551573E-03
+216.2600E-06,+183.8679629E-03,+182.1044035E-03
+216.4900E-06,+183.8679629E-03,+181.9536497E-03
+216.7200E-06,+183.8679629E-03,+181.9536497E-03
+216.9500E-06,+183.8679629E-03,+181.8028960E-03
+217.1800E-06,+183.8679629E-03,+181.6521422E-03
+217.4100E-06,+183.8679629E-03,+181.5013884E-03
+217.6400E-06,+183.8679629E-03,+181.3506347E-03
+217.8700E-06,+183.8679629E-03,+181.1998809E-03
+218.1000E-06,+183.8679629E-03,+181.1998809E-03
+218.3300E-06,+183.8679629E-03,+181.0491271E-03
+218.5600E-06,+183.8679629E-03,+181.0491271E-03
+218.7900E-06,+183.8679629E-03,+180.8983734E-03
+219.0200E-06,+183.8679629E-03,+180.8983734E-03
+219.2500E-06,+183.8679629E-03,+180.7476196E-03
+219.4800E-06,+183.8679629E-03,+180.7476196E-03
+219.7100E-06,+183.8679629E-03,+180.5968658E-03
+219.9400E-06,+183.8679629E-03,+180.5968658E-03
+220.1700E-06,+183.8679629E-03,+180.5968658E-03
+220.4000E-06,+183.8679629E-03,+180.4461121E-03
+220.6300E-06,+183.8679629E-03,+180.4461121E-03
+220.8600E-06,+183.8679629E-03,+180.2953583E-03
+221.0900E-06,+183.8679629E-03,+180.2953583E-03
+221.3200E-06,+183.8679629E-03,+180.2953583E-03
+221.5500E-06,+183.8679629E-03,+180.1446045E-03
+221.7800E-06,+183.8679629E-03,+180.1446045E-03
+222.0100E-06,+183.8679629E-03,+180.1446045E-03
+222.2400E-06,+183.8679629E-03,+180.1446045E-03
+222.4700E-06,+183.8679629E-03,+180.1446045E-03
+222.7000E-06,+183.8679629E-03,+180.1446045E-03
+222.9300E-06,+183.8679629E-03,+179.9938508E-03
+223.1600E-06,+183.8679629E-03,+179.9938508E-03
+223.3900E-06,+183.8679629E-03,+180.1446045E-03
+223.6200E-06,+183.8679629E-03,+179.9938508E-03
+223.8500E-06,+183.8679629E-03,+180.1446045E-03
+224.0800E-06,+183.8679629E-03,+180.1446045E-03
+224.3100E-06,+183.8679629E-03,+180.1446045E-03
+224.5400E-06,+183.8679629E-03,+180.1446045E-03
+224.7700E-06,+183.8679629E-03,+180.1446045E-03
+225.0000E-06,+183.8679629E-03,+180.2953583E-03
+225.2300E-06,+183.8679629E-03,+180.2953583E-03
+225.4600E-06,+183.8679629E-03,+180.2953583E-03
+225.6900E-06,+183.8679629E-03,+180.4461121E-03
+225.9200E-06,+183.8679629E-03,+180.4461121E-03
+226.1500E-06,+183.8679629E-03,+180.4461121E-03
+226.3800E-06,+183.8679629E-03,+180.5968658E-03
+226.6100E-06,+183.8679629E-03,+180.5968658E-03
+226.8400E-06,+183.8679629E-03,+180.7476196E-03
+227.0700E-06,+183.8679629E-03,+180.7476196E-03
+227.3000E-06,+183.8679629E-03,+180.7476196E-03
+227.5300E-06,+183.8679629E-03,+180.8983734E-03
+227.7600E-06,+183.8679629E-03,+180.8983734E-03
+227.9900E-06,+183.8679629E-03,+181.0491271E-03
+228.2200E-06,+183.8679629E-03,+181.0491271E-03
+228.4500E-06,+183.8679629E-03,+181.1998809E-03
+228.6800E-06,+183.8679629E-03,+181.1998809E-03
+228.9100E-06,+183.8679629E-03,+181.3506347E-03
+229.1400E-06,+183.8679629E-03,+181.3506347E-03
+229.3700E-06,+183.8679629E-03,+181.5013884E-03
+229.6000E-06,+183.8679629E-03,+181.5013884E-03
+229.8300E-06,+183.8679629E-03,+181.6521422E-03
+230.0600E-06,+183.8679629E-03,+181.8028960E-03
+230.2900E-06,+183.8679629E-03,+181.8028960E-03
+230.5200E-06,+183.8679629E-03,+181.9536497E-03
+230.7500E-06,+183.8679629E-03,+182.1044035E-03
+230.9800E-06,+183.8679629E-03,+182.2551573E-03
+231.2100E-06,+183.8679629E-03,+182.2551573E-03
+231.4400E-06,+183.8679629E-03,+182.4059110E-03
+231.6700E-06,+183.8679629E-03,+182.5566648E-03
+231.9000E-06,+183.8679629E-03,+182.5566648E-03
+232.1300E-06,+183.8679629E-03,+182.7074186E-03
+232.3600E-06,+183.8679629E-03,+182.7074186E-03
+232.5900E-06,+183.8679629E-03,+182.8581723E-03
+232.8200E-06,+183.8679629E-03,+182.8581723E-03
+233.0500E-06,+183.8679629E-03,+183.0089261E-03
+233.2800E-06,+183.8679629E-03,+183.0089261E-03
+233.5100E-06,+183.8679629E-03,+183.0089261E-03
+233.7400E-06,+183.8679629E-03,+183.1596799E-03
+233.9700E-06,+183.8679629E-03,+183.1596799E-03
+234.2000E-06,+183.8679629E-03,+183.1596799E-03
+234.4300E-06,+183.8679629E-03,+183.3104336E-03
+234.6600E-06,+183.8679629E-03,+183.3104336E-03
+234.8900E-06,+183.8679629E-03,+183.3104336E-03
+235.1200E-06,+183.8679629E-03,+183.3104336E-03
+235.3500E-06,+183.8679629E-03,+183.3104336E-03
+235.5800E-06,+183.8679629E-03,+183.4611874E-03
+235.8100E-06,+183.8679629E-03,+183.4611874E-03
+236.0400E-06,+183.8679629E-03,+183.4611874E-03
+236.2700E-06,+183.8679629E-03,+183.4611874E-03
+236.5000E-06,+183.8679629E-03,+183.4611874E-03
+236.7300E-06,+183.8679629E-03,+183.4611874E-03
+236.9600E-06,+183.8679629E-03,+183.4611874E-03
+237.1900E-06,+183.8679629E-03,+183.4611874E-03
+237.4200E-06,+183.8679629E-03,+183.4611874E-03
+237.6500E-06,+183.8679629E-03,+183.4611874E-03
+237.8800E-06,+183.8679629E-03,+183.4611874E-03
+238.1100E-06,+183.8679629E-03,+183.4611874E-03
+238.3400E-06,+183.8679629E-03,+183.4611874E-03
+238.5700E-06,+183.8679629E-03,+183.4611874E-03
+238.8000E-06,+183.8679629E-03,+183.4611874E-03
+239.0300E-06,+183.8679629E-03,+183.3104336E-03
+239.2600E-06,+183.8679629E-03,+183.3104336E-03
+239.4900E-06,+183.8679629E-03,+183.3104336E-03
+239.7200E-06,+183.8679629E-03,+183.3104336E-03
+239.9500E-06,+183.8679629E-03,+183.3104336E-03
+240.1800E-06,+183.8679629E-03,+183.1596799E-03
+240.4100E-06,+183.8679629E-03,+183.1596799E-03
+240.6400E-06,+183.8679629E-03,+183.1596799E-03
+240.8700E-06,+183.8679629E-03,+183.1596799E-03
+241.1000E-06,+183.8679629E-03,+183.0089261E-03
+241.3300E-06,+183.8679629E-03,+183.0089261E-03
+241.5600E-06,+183.8679629E-03,+183.0089261E-03
+241.7900E-06,+183.8679629E-03,+182.8581723E-03
+242.0200E-06,+183.8679629E-03,+182.8581723E-03
+242.2500E-06,+183.8679629E-03,+182.7074186E-03
+242.4800E-06,+183.8679629E-03,+182.7074186E-03
+242.7100E-06,+183.8679629E-03,+182.5566648E-03
+242.9400E-06,+183.8679629E-03,+182.5566648E-03
+243.1700E-06,+183.8679629E-03,+182.5566648E-03
+243.4000E-06,+183.8679629E-03,+182.4059110E-03
+243.6300E-06,+183.8679629E-03,+182.2551573E-03
+243.8600E-06,+183.8679629E-03,+182.2551573E-03
+244.0900E-06,+183.8679629E-03,+182.1044035E-03
+244.3200E-06,+183.8679629E-03,+182.1044035E-03
+244.5500E-06,+183.8679629E-03,+181.9536497E-03
+244.7800E-06,+183.8679629E-03,+181.9536497E-03
+245.0100E-06,+183.8679629E-03,+181.8028960E-03
+245.2400E-06,+183.8679629E-03,+181.8028960E-03
+245.4700E-06,+183.8679629E-03,+181.6521422E-03
+245.7000E-06,+183.8679629E-03,+181.6521422E-03
+245.9300E-06,+183.8679629E-03,+181.5013884E-03
+246.1600E-06,+183.8679629E-03,+181.5013884E-03
+246.3900E-06,+183.8679629E-03,+181.5013884E-03
+246.6200E-06,+183.8679629E-03,+181.3506347E-03
+246.8500E-06,+183.8679629E-03,+181.3506347E-03
+247.0800E-06,+183.8679629E-03,+181.3506347E-03
+247.3100E-06,+183.8679629E-03,+181.1998809E-03
+247.5400E-06,+183.8679629E-03,+181.1998809E-03
+247.7700E-06,+183.8679629E-03,+181.1998809E-03
+248.0000E-06,+183.8679629E-03,+181.1998809E-03
+248.2300E-06,+183.8679629E-03,+181.0491271E-03
+248.4600E-06,+183.8679629E-03,+181.0491271E-03
+248.6900E-06,+183.8679629E-03,+181.0491271E-03
+248.9200E-06,+183.8679629E-03,+181.0491271E-03
+249.1500E-06,+183.8679629E-03,+181.0491271E-03
+249.3800E-06,+183.8679629E-03,+180.8983734E-03
+249.6100E-06,+183.8679629E-03,+180.8983734E-03
+249.8400E-06,+183.8679629E-03,+180.8983734E-03
+250.0700E-06,+183.8679629E-03,+180.8983734E-03
+250.3000E-06,+183.8679629E-03,+180.8983734E-03
+250.5300E-06,+183.8679629E-03,+180.8983734E-03
+250.7600E-06,+183.8679629E-03,+180.8983734E-03
+250.9900E-06,+183.8679629E-03,+180.8983734E-03
+251.2200E-06,+183.8679629E-03,+180.8983734E-03
+251.4500E-06,+183.8679629E-03,+180.8983734E-03
+251.6800E-06,+183.8679629E-03,+180.8983734E-03
+251.9100E-06,+183.8679629E-03,+180.8983734E-03
+252.1400E-06,+183.8679629E-03,+180.8983734E-03
+252.3700E-06,+183.8679629E-03,+180.8983734E-03
+252.6000E-06,+183.8679629E-03,+180.8983734E-03
+252.8300E-06,+183.8679629E-03,+180.8983734E-03
+253.0600E-06,+183.8679629E-03,+181.0491271E-03
+253.2900E-06,+183.8679629E-03,+181.0491271E-03
+253.5200E-06,+183.8679629E-03,+181.0491271E-03
+253.7500E-06,+183.8679629E-03,+181.0491271E-03
+253.9800E-06,+183.8679629E-03,+181.0491271E-03
+254.2100E-06,+183.8679629E-03,+181.0491271E-03
+254.4400E-06,+183.8679629E-03,+181.1998809E-03
+254.6700E-06,+183.8679629E-03,+181.1998809E-03
+254.9000E-06,+183.8679629E-03,+181.1998809E-03
+255.1300E-06,+183.8679629E-03,+181.1998809E-03
+255.3600E-06,+183.8679629E-03,+181.1998809E-03
+255.5900E-06,+183.8679629E-03,+181.3506347E-03
+255.8200E-06,+183.8679629E-03,+181.3506347E-03
+256.0500E-06,+183.8679629E-03,+181.3506347E-03
+256.2800E-06,+183.8679629E-03,+181.5013884E-03
+256.5100E-06,+183.8679629E-03,+181.5013884E-03
+256.7400E-06,+183.8679629E-03,+181.5013884E-03
+256.9700E-06,+183.8679629E-03,+181.6521422E-03
+257.2000E-06,+183.8679629E-03,+181.6521422E-03
+257.4300E-06,+183.8679629E-03,+181.6521422E-03
+257.6600E-06,+183.8679629E-03,+181.8028960E-03
+257.8900E-06,+183.8679629E-03,+181.8028960E-03
+258.1200E-06,+183.8679629E-03,+181.8028960E-03
+258.3500E-06,+183.8679629E-03,+181.9536497E-03
+258.5800E-06,+183.8679629E-03,+181.9536497E-03
+258.8100E-06,+183.8679629E-03,+182.1044035E-03
+259.0400E-06,+183.8679629E-03,+182.1044035E-03
+259.2700E-06,+183.8679629E-03,+182.1044035E-03
+259.5000E-06,+183.8679629E-03,+182.2551573E-03
+259.7300E-06,+183.8679629E-03,+182.2551573E-03
+259.9600E-06,+183.8679629E-03,+182.2551573E-03
+260.1900E-06,+183.8679629E-03,+182.4059110E-03
+260.4200E-06,+183.8679629E-03,+182.4059110E-03
+260.6500E-06,+183.8679629E-03,+182.5566648E-03
+260.8800E-06,+183.8679629E-03,+182.5566648E-03
+261.1100E-06,+183.8679629E-03,+182.5566648E-03
+261.3400E-06,+183.8679629E-03,+182.5566648E-03
+261.5700E-06,+183.8679629E-03,+182.7074186E-03
+261.8000E-06,+183.8679629E-03,+182.7074186E-03
+262.0300E-06,+183.8679629E-03,+182.7074186E-03
+262.2600E-06,+183.8679629E-03,+182.7074186E-03
+262.4900E-06,+183.8679629E-03,+182.7074186E-03
+262.7200E-06,+183.8679629E-03,+182.8581723E-03
+262.9500E-06,+183.8679629E-03,+182.8581723E-03
+263.1800E-06,+183.8679629E-03,+182.8581723E-03
+263.4100E-06,+183.8679629E-03,+182.8581723E-03
+263.6400E-06,+183.8679629E-03,+182.8581723E-03
+263.8700E-06,+183.8679629E-03,+182.8581723E-03
+264.1000E-06,+183.8679629E-03,+182.8581723E-03
+264.3300E-06,+183.8679629E-03,+182.8581723E-03
+264.5600E-06,+183.8679629E-03,+182.8581723E-03
+264.7900E-06,+183.8679629E-03,+182.8581723E-03
+265.0200E-06,+183.8679629E-03,+182.8581723E-03
+265.2500E-06,+183.8679629E-03,+183.0089261E-03
+265.4800E-06,+183.8679629E-03,+183.0089261E-03
+265.7100E-06,+183.8679629E-03,+182.8581723E-03
+265.9400E-06,+183.8679629E-03,+182.8581723E-03
+266.1700E-06,+183.8679629E-03,+182.8581723E-03
+266.4000E-06,+183.8679629E-03,+182.8581723E-03
+266.6300E-06,+183.8679629E-03,+182.8581723E-03
+266.8600E-06,+183.8679629E-03,+182.8581723E-03
+267.0900E-06,+183.8679629E-03,+182.8581723E-03
+267.3200E-06,+183.8679629E-03,+182.8581723E-03
+267.5500E-06,+183.8679629E-03,+182.8581723E-03
+267.7800E-06,+183.8679629E-03,+182.8581723E-03
+268.0100E-06,+183.8679629E-03,+182.8581723E-03
+268.2400E-06,+183.8679629E-03,+182.7074186E-03
+268.4700E-06,+183.8679629E-03,+182.7074186E-03
+268.7000E-06,+183.8679629E-03,+182.7074186E-03
+268.9300E-06,+183.8679629E-03,+182.7074186E-03
+269.1600E-06,+183.8679629E-03,+182.7074186E-03
+269.3900E-06,+183.8679629E-03,+182.5566648E-03
+269.6200E-06,+183.8679629E-03,+182.5566648E-03
+269.8500E-06,+183.8679629E-03,+182.5566648E-03
+270.0800E-06,+183.8679629E-03,+182.5566648E-03
+270.3100E-06,+183.8679629E-03,+182.4059110E-03
+270.5400E-06,+183.8679629E-03,+182.4059110E-03
+270.7700E-06,+183.8679629E-03,+182.4059110E-03
+271.0000E-06,+183.8679629E-03,+182.2551573E-03
+271.2300E-06,+183.8679629E-03,+182.2551573E-03
+271.4600E-06,+183.8679629E-03,+182.2551573E-03
+271.6900E-06,+183.8679629E-03,+182.2551573E-03
+271.9200E-06,+183.8679629E-03,+182.1044035E-03
+272.1500E-06,+183.8679629E-03,+182.1044035E-03
+272.3800E-06,+183.8679629E-03,+182.1044035E-03
+272.6100E-06,+183.8679629E-03,+181.9536497E-03
+272.8400E-06,+183.8679629E-03,+181.9536497E-03
+273.0700E-06,+183.8679629E-03,+181.9536497E-03
+273.3000E-06,+183.8679629E-03,+181.8028960E-03
+273.5300E-06,+183.8679629E-03,+181.8028960E-03
+273.7600E-06,+183.8679629E-03,+181.8028960E-03
+273.9900E-06,+183.8679629E-03,+181.8028960E-03
+274.2200E-06,+183.8679629E-03,+181.6521422E-03
+274.4500E-06,+183.8679629E-03,+181.6521422E-03
+274.6800E-06,+183.8679629E-03,+181.6521422E-03
+274.9100E-06,+183.8679629E-03,+181.6521422E-03
+275.1400E-06,+183.8679629E-03,+181.5013884E-03
+275.3700E-06,+183.8679629E-03,+181.5013884E-03
+275.6000E-06,+183.8679629E-03,+181.5013884E-03
+275.8300E-06,+183.8679629E-03,+181.5013884E-03
+276.0600E-06,+183.8679629E-03,+181.5013884E-03
+276.2900E-06,+183.8679629E-03,+181.5013884E-03
+276.5200E-06,+183.8679629E-03,+181.5013884E-03
+276.7500E-06,+183.8679629E-03,+181.3506347E-03
+276.9800E-06,+183.8679629E-03,+181.3506347E-03
+277.2100E-06,+183.8679629E-03,+181.3506347E-03
+277.4400E-06,+183.8679629E-03,+181.3506347E-03
+277.6700E-06,+183.8679629E-03,+181.3506347E-03
+277.9000E-06,+183.8679629E-03,+181.3506347E-03
+278.1300E-06,+183.8679629E-03,+181.3506347E-03
+278.3600E-06,+183.8679629E-03,+181.3506347E-03
+278.5900E-06,+183.8679629E-03,+181.3506347E-03
+278.8200E-06,+183.8679629E-03,+181.3506347E-03
+279.0500E-06,+183.8679629E-03,+181.3506347E-03
+279.2800E-06,+183.8679629E-03,+181.3506347E-03
+279.5100E-06,+183.8679629E-03,+181.3506347E-03
+279.7400E-06,+183.8679629E-03,+181.3506347E-03
+279.9700E-06,+183.8679629E-03,+181.3506347E-03
+280.2000E-06,+183.8679629E-03,+181.3506347E-03
+280.4300E-06,+183.8679629E-03,+181.3506347E-03
+280.6600E-06,+183.8679629E-03,+181.3506347E-03
+280.8900E-06,+183.8679629E-03,+181.3506347E-03
+281.1200E-06,+183.8679629E-03,+181.3506347E-03
+281.3500E-06,+183.8679629E-03,+181.3506347E-03
+281.5800E-06,+183.8679629E-03,+181.3506347E-03
+281.8100E-06,+183.8679629E-03,+181.3506347E-03
+282.0400E-06,+183.8679629E-03,+181.3506347E-03
+282.2700E-06,+183.8679629E-03,+181.5013884E-03
+282.5000E-06,+183.8679629E-03,+181.5013884E-03
+282.7300E-06,+183.8679629E-03,+181.5013884E-03
+282.9600E-06,+183.8679629E-03,+181.5013884E-03
+283.1900E-06,+183.8679629E-03,+181.5013884E-03
+283.4200E-06,+183.8679629E-03,+181.5013884E-03
+283.6500E-06,+183.8679629E-03,+181.5013884E-03
+283.8800E-06,+183.8679629E-03,+181.5013884E-03
+284.1100E-06,+183.8679629E-03,+181.6521422E-03
+284.3400E-06,+183.8679629E-03,+181.6521422E-03
+284.5700E-06,+183.8679629E-03,+181.6521422E-03
+284.8000E-06,+183.8679629E-03,+181.6521422E-03
+285.0300E-06,+183.8679629E-03,+181.8028960E-03
+285.2600E-06,+183.8679629E-03,+181.8028960E-03
+285.4900E-06,+183.8679629E-03,+181.8028960E-03
+285.7200E-06,+183.8679629E-03,+181.8028960E-03
+285.9500E-06,+183.8679629E-03,+181.8028960E-03
+286.1800E-06,+183.8679629E-03,+181.9536497E-03
+286.4100E-06,+183.8679629E-03,+181.9536497E-03
+286.6400E-06,+183.8679629E-03,+181.9536497E-03
+286.8700E-06,+183.8679629E-03,+181.9536497E-03
+287.1000E-06,+183.8679629E-03,+182.1044035E-03
+287.3300E-06,+183.8679629E-03,+182.1044035E-03
+287.5600E-06,+183.8679629E-03,+182.1044035E-03
+287.7900E-06,+183.8679629E-03,+182.1044035E-03
+288.0200E-06,+183.8679629E-03,+182.1044035E-03
+288.2500E-06,+183.8679629E-03,+182.2551573E-03
+288.4800E-06,+183.8679629E-03,+182.2551573E-03
+288.7100E-06,+183.8679629E-03,+182.2551573E-03
+288.9400E-06,+183.8679629E-03,+182.2551573E-03
+289.1700E-06,+183.8679629E-03,+182.2551573E-03
+289.4000E-06,+183.8679629E-03,+182.4059110E-03
+289.6300E-06,+183.8679629E-03,+182.4059110E-03
+289.8600E-06,+183.8679629E-03,+182.4059110E-03
+290.0900E-06,+183.8679629E-03,+182.4059110E-03
+290.3200E-06,+183.8679629E-03,+182.4059110E-03
+290.5500E-06,+183.8679629E-03,+182.4059110E-03
+290.7800E-06,+183.8679629E-03,+182.4059110E-03
+291.0100E-06,+183.8679629E-03,+182.4059110E-03
+291.2400E-06,+183.8679629E-03,+182.5566648E-03
+291.4700E-06,+183.8679629E-03,+182.5566648E-03
+291.7000E-06,+183.8679629E-03,+182.5566648E-03
+291.9300E-06,+183.8679629E-03,+182.5566648E-03
+292.1600E-06,+183.8679629E-03,+182.5566648E-03
+292.3900E-06,+183.8679629E-03,+182.5566648E-03
+292.6200E-06,+183.8679629E-03,+182.5566648E-03
+292.8500E-06,+183.8679629E-03,+182.5566648E-03
+293.0800E-06,+183.8679629E-03,+182.5566648E-03
+293.3100E-06,+183.8679629E-03,+182.5566648E-03
+293.5400E-06,+183.8679629E-03,+182.5566648E-03
+293.7700E-06,+183.8679629E-03,+182.5566648E-03
+294.0000E-06,+183.8679629E-03,+182.5566648E-03
+294.2300E-06,+183.8679629E-03,+182.5566648E-03
+294.4600E-06,+183.8679629E-03,+182.5566648E-03
+294.6900E-06,+183.8679629E-03,+182.5566648E-03
+294.9200E-06,+183.8679629E-03,+182.5566648E-03
+295.1500E-06,+183.8679629E-03,+182.5566648E-03
+295.3800E-06,+183.8679629E-03,+182.5566648E-03
+295.6100E-06,+183.8679629E-03,+182.5566648E-03
+295.8400E-06,+183.8679629E-03,+182.4059110E-03
+296.0700E-06,+183.8679629E-03,+182.4059110E-03
+296.3000E-06,+183.8679629E-03,+182.4059110E-03
+296.5300E-06,+183.8679629E-03,+182.4059110E-03
+296.7600E-06,+183.8679629E-03,+182.4059110E-03
+296.9900E-06,+183.8679629E-03,+182.4059110E-03
+297.2200E-06,+183.8679629E-03,+182.4059110E-03
+297.4500E-06,+183.8679629E-03,+182.4059110E-03
+297.6800E-06,+183.8679629E-03,+182.2551573E-03
+297.9100E-06,+183.8679629E-03,+182.2551573E-03
+298.1400E-06,+183.8679629E-03,+182.2551573E-03
+298.3700E-06,+183.8679629E-03,+182.2551573E-03
+298.6000E-06,+183.8679629E-03,+182.2551573E-03
+298.8300E-06,+183.8679629E-03,+182.2551573E-03
+299.0600E-06,+183.8679629E-03,+182.2551573E-03
+299.2900E-06,+183.8679629E-03,+182.1044035E-03
+299.5200E-06,+183.8679629E-03,+182.1044035E-03
+299.7500E-06,+183.8679629E-03,+182.1044035E-03
+299.9800E-06,+183.8679629E-03,+182.1044035E-03
+300.2100E-06,+183.8679629E-03,+182.1044035E-03
+300.4400E-06,+183.8679629E-03,+181.9536497E-03
+300.6700E-06,+183.8679629E-03,+181.9536497E-03
+300.9000E-06,+183.8679629E-03,+181.9536497E-03
+301.1300E-06,+183.8679629E-03,+181.9536497E-03
+301.3600E-06,+183.8679629E-03,+181.9536497E-03
+301.5900E-06,+183.8679629E-03,+181.9536497E-03
+301.8200E-06,+183.8679629E-03,+181.9536497E-03
+302.0500E-06,+183.8679629E-03,+181.8028960E-03
+302.2800E-06,+183.8679629E-03,+181.8028960E-03
+302.5100E-06,+183.8679629E-03,+181.8028960E-03
+302.7400E-06,+183.8679629E-03,+181.8028960E-03
+302.9700E-06,+183.8679629E-03,+181.8028960E-03
+303.2000E-06,+183.8679629E-03,+181.8028960E-03
+303.4300E-06,+183.8679629E-03,+181.8028960E-03
+303.6600E-06,+183.8679629E-03,+181.6521422E-03
+303.8900E-06,+183.8679629E-03,+181.6521422E-03
+304.1200E-06,+183.8679629E-03,+181.6521422E-03
+304.3500E-06,+183.8679629E-03,+181.6521422E-03
+304.5800E-06,+183.8679629E-03,+181.6521422E-03
+304.8100E-06,+183.8679629E-03,+181.6521422E-03
+305.0400E-06,+183.8679629E-03,+181.6521422E-03
+305.2700E-06,+183.8679629E-03,+181.6521422E-03
+305.5000E-06,+183.8679629E-03,+181.6521422E-03
+305.7300E-06,+183.8679629E-03,+181.6521422E-03
+305.9600E-06,+183.8679629E-03,+181.6521422E-03
+306.1900E-06,+183.8679629E-03,+181.6521422E-03
+306.4200E-06,+183.8679629E-03,+181.6521422E-03
+306.6500E-06,+183.8679629E-03,+181.6521422E-03
+306.8800E-06,+183.8679629E-03,+181.5013884E-03
+307.1100E-06,+183.8679629E-03,+181.6521422E-03
+307.3400E-06,+183.8679629E-03,+181.6521422E-03
+307.5700E-06,+183.8679629E-03,+181.6521422E-03
+307.8000E-06,+183.8679629E-03,+181.6521422E-03
+308.0300E-06,+183.8679629E-03,+181.6521422E-03
+308.2600E-06,+183.8679629E-03,+181.6521422E-03
+308.4900E-06,+183.8679629E-03,+181.6521422E-03
+308.7200E-06,+183.8679629E-03,+181.6521422E-03
+308.9500E-06,+183.8679629E-03,+181.6521422E-03
+309.1800E-06,+183.8679629E-03,+181.6521422E-03
+309.4100E-06,+183.8679629E-03,+181.6521422E-03
+309.6400E-06,+183.8679629E-03,+181.6521422E-03
+309.8700E-06,+183.8679629E-03,+181.6521422E-03
+310.1000E-06,+183.8679629E-03,+181.6521422E-03
+310.3300E-06,+183.8679629E-03,+181.6521422E-03
+310.5600E-06,+183.8679629E-03,+181.6521422E-03
+310.7900E-06,+183.8679629E-03,+181.6521422E-03
+311.0200E-06,+183.8679629E-03,+181.6521422E-03
+311.2500E-06,+183.8679629E-03,+181.6521422E-03
+311.4800E-06,+183.8679629E-03,+181.6521422E-03
+311.7100E-06,+183.8679629E-03,+181.6521422E-03
+311.9400E-06,+183.8679629E-03,+181.8028960E-03
+312.1700E-06,+183.8679629E-03,+181.8028960E-03
+312.4000E-06,+183.8679629E-03,+181.8028960E-03
+312.6300E-06,+183.8679629E-03,+181.8028960E-03
+312.8600E-06,+183.8679629E-03,+181.8028960E-03
+313.0900E-06,+183.8679629E-03,+181.8028960E-03
+313.3200E-06,+183.8679629E-03,+181.8028960E-03
+313.5500E-06,+183.8679629E-03,+181.9536497E-03
+313.7800E-06,+183.8679629E-03,+181.9536497E-03
+314.0100E-06,+183.8679629E-03,+181.9536497E-03
+314.2400E-06,+183.8679629E-03,+181.9536497E-03
+314.4700E-06,+183.8679629E-03,+181.9536497E-03
+314.7000E-06,+183.8679629E-03,+181.9536497E-03
+314.9300E-06,+183.8679629E-03,+181.9536497E-03
+315.1600E-06,+183.8679629E-03,+181.9536497E-03
+315.3900E-06,+183.8679629E-03,+182.1044035E-03
+315.6200E-06,+183.8679629E-03,+182.1044035E-03
+315.8500E-06,+183.8679629E-03,+182.1044035E-03
+316.0800E-06,+183.8679629E-03,+182.1044035E-03
+316.3100E-06,+183.8679629E-03,+182.1044035E-03
+316.5400E-06,+183.8679629E-03,+182.1044035E-03
+316.7700E-06,+183.8679629E-03,+182.1044035E-03
+317.0000E-06,+183.8679629E-03,+182.1044035E-03
+317.2300E-06,+183.8679629E-03,+182.1044035E-03
+317.4600E-06,+183.8679629E-03,+182.2551573E-03
+317.6900E-06,+183.8679629E-03,+182.2551573E-03
+317.9200E-06,+183.8679629E-03,+182.2551573E-03
+318.1500E-06,+183.8679629E-03,+182.2551573E-03
+318.3800E-06,+183.8679629E-03,+182.2551573E-03
+318.6100E-06,+183.8679629E-03,+182.2551573E-03
+318.8400E-06,+183.8679629E-03,+182.2551573E-03
+319.0700E-06,+183.8679629E-03,+182.2551573E-03
+319.3000E-06,+183.8679629E-03,+182.2551573E-03
+319.5300E-06,+183.8679629E-03,+182.2551573E-03
+319.7600E-06,+183.8679629E-03,+182.2551573E-03
+319.9900E-06,+183.8679629E-03,+182.2551573E-03
+320.2200E-06,+183.8679629E-03,+182.2551573E-03
+320.4500E-06,+183.8679629E-03,+182.2551573E-03
+320.6800E-06,+183.8679629E-03,+182.4059110E-03
+320.9100E-06,+183.8679629E-03,+182.2551573E-03
+321.1400E-06,+183.8679629E-03,+182.2551573E-03
+321.3700E-06,+183.8679629E-03,+182.2551573E-03
+321.6000E-06,+183.8679629E-03,+182.2551573E-03
+321.8300E-06,+183.8679629E-03,+182.2551573E-03
+322.0600E-06,+183.8679629E-03,+182.2551573E-03
+322.2900E-06,+183.8679629E-03,+182.2551573E-03
+322.5200E-06,+183.8679629E-03,+182.2551573E-03
+322.7500E-06,+183.8679629E-03,+182.2551573E-03
+322.9800E-06,+183.8679629E-03,+182.2551573E-03
+323.2100E-06,+183.8679629E-03,+182.2551573E-03
+323.4400E-06,+183.8679629E-03,+182.2551573E-03
+323.6700E-06,+183.8679629E-03,+182.2551573E-03
+323.9000E-06,+183.8679629E-03,+182.2551573E-03
+324.1300E-06,+183.8679629E-03,+182.2551573E-03
+324.3600E-06,+183.8679629E-03,+182.2551573E-03
+324.5900E-06,+183.8679629E-03,+182.2551573E-03
+324.8200E-06,+183.8679629E-03,+182.2551573E-03
+325.0500E-06,+183.8679629E-03,+182.2551573E-03
+325.2800E-06,+183.8679629E-03,+182.2551573E-03
+325.5100E-06,+183.8679629E-03,+182.2551573E-03
+325.7400E-06,+183.8679629E-03,+182.1044035E-03
+325.9700E-06,+183.8679629E-03,+182.1044035E-03
+326.2000E-06,+183.8679629E-03,+182.1044035E-03
+326.4300E-06,+183.8679629E-03,+182.1044035E-03
+326.6600E-06,+183.8679629E-03,+182.1044035E-03
+326.8900E-06,+183.8679629E-03,+182.1044035E-03
+327.1200E-06,+183.8679629E-03,+182.1044035E-03
+327.3500E-06,+183.8679629E-03,+182.1044035E-03
+327.5800E-06,+183.8679629E-03,+182.1044035E-03
+327.8100E-06,+183.8679629E-03,+182.1044035E-03
+328.0400E-06,+183.8679629E-03,+182.1044035E-03
+328.2700E-06,+183.8679629E-03,+181.9536497E-03
+328.5000E-06,+183.8679629E-03,+181.9536497E-03
+328.7300E-06,+183.8679629E-03,+181.9536497E-03
+328.9600E-06,+183.8679629E-03,+181.9536497E-03
+329.1900E-06,+183.8679629E-03,+181.9536497E-03
+329.4200E-06,+183.8679629E-03,+181.9536497E-03
+329.6500E-06,+183.8679629E-03,+181.9536497E-03
+329.8800E-06,+183.8679629E-03,+181.9536497E-03
+330.1100E-06,+183.8679629E-03,+181.9536497E-03
+330.3400E-06,+183.8679629E-03,+181.9536497E-03
+330.5700E-06,+183.8679629E-03,+181.8028960E-03
+330.8000E-06,+183.8679629E-03,+181.8028960E-03
+331.0300E-06,+183.8679629E-03,+181.8028960E-03
+331.2600E-06,+183.8679629E-03,+181.8028960E-03
+331.4900E-06,+183.8679629E-03,+181.8028960E-03
+331.7200E-06,+183.8679629E-03,+181.8028960E-03
+331.9500E-06,+183.8679629E-03,+181.8028960E-03
+332.1800E-06,+183.8679629E-03,+181.8028960E-03
+332.4100E-06,+183.8679629E-03,+181.8028960E-03
+332.6400E-06,+183.8679629E-03,+181.8028960E-03
+332.8700E-06,+183.8679629E-03,+181.8028960E-03
+333.1000E-06,+183.8679629E-03,+181.8028960E-03
+333.3300E-06,+183.8679629E-03,+181.8028960E-03
+333.5600E-06,+183.8679629E-03,+181.8028960E-03
+333.7900E-06,+183.8679629E-03,+181.8028960E-03
+334.0200E-06,+183.8679629E-03,+181.8028960E-03
+334.2500E-06,+183.8679629E-03,+181.8028960E-03
+334.4800E-06,+183.8679629E-03,+181.8028960E-03
+334.7100E-06,+183.8679629E-03,+181.8028960E-03
+334.9400E-06,+183.8679629E-03,+181.8028960E-03
+335.1700E-06,+183.8679629E-03,+181.8028960E-03
+335.4000E-06,+183.8679629E-03,+181.8028960E-03
+335.6300E-06,+183.8679629E-03,+181.8028960E-03
+335.8600E-06,+183.8679629E-03,+181.8028960E-03
+336.0900E-06,+183.8679629E-03,+181.8028960E-03
+336.3200E-06,+183.8679629E-03,+181.8028960E-03
+336.5500E-06,+183.8679629E-03,+181.8028960E-03
+336.7800E-06,+183.8679629E-03,+181.8028960E-03
+337.0100E-06,+183.8679629E-03,+181.8028960E-03
+337.2400E-06,+183.8679629E-03,+181.8028960E-03
+337.4700E-06,+183.8679629E-03,+181.8028960E-03
+337.7000E-06,+183.8679629E-03,+181.8028960E-03
+337.9300E-06,+183.8679629E-03,+181.8028960E-03
+338.1600E-06,+183.8679629E-03,+181.8028960E-03
+338.3900E-06,+183.8679629E-03,+181.8028960E-03
+338.6200E-06,+183.8679629E-03,+181.8028960E-03
+338.8500E-06,+183.8679629E-03,+181.8028960E-03
+339.0800E-06,+183.8679629E-03,+181.8028960E-03
+339.3100E-06,+183.8679629E-03,+181.8028960E-03
+339.5400E-06,+183.8679629E-03,+181.8028960E-03
+339.7700E-06,+183.8679629E-03,+181.8028960E-03
+340.0000E-06,+183.8679629E-03,+181.8028960E-03
+340.2300E-06,+183.8679629E-03,+181.8028960E-03
+340.4600E-06,+183.8679629E-03,+181.8028960E-03
+340.6900E-06,+183.8679629E-03,+181.9536497E-03
+340.9200E-06,+183.8679629E-03,+181.8028960E-03
+341.1500E-06,+183.8679629E-03,+181.9536497E-03
+341.3800E-06,+183.8679629E-03,+181.9536497E-03
+341.6100E-06,+183.8679629E-03,+181.9536497E-03
+341.8400E-06,+183.8679629E-03,+181.9536497E-03
+342.0700E-06,+183.8679629E-03,+181.9536497E-03
+342.3000E-06,+183.8679629E-03,+181.9536497E-03
+342.5300E-06,+183.8679629E-03,+181.9536497E-03
+342.7600E-06,+183.8679629E-03,+181.9536497E-03
+342.9900E-06,+183.8679629E-03,+181.9536497E-03
+343.2200E-06,+183.8679629E-03,+181.9536497E-03
+343.4500E-06,+183.8679629E-03,+181.9536497E-03
+343.6800E-06,+183.8679629E-03,+181.9536497E-03
+343.9100E-06,+183.8679629E-03,+181.9536497E-03
+344.1400E-06,+183.8679629E-03,+182.1044035E-03
+344.3700E-06,+183.8679629E-03,+181.9536497E-03
+344.6000E-06,+183.8679629E-03,+182.1044035E-03
+344.8300E-06,+183.8679629E-03,+182.1044035E-03
+345.0600E-06,+183.8679629E-03,+182.1044035E-03
+345.2900E-06,+183.8679629E-03,+182.1044035E-03
+345.5200E-06,+183.8679629E-03,+182.1044035E-03
+345.7500E-06,+183.8679629E-03,+182.1044035E-03
+345.9800E-06,+183.8679629E-03,+182.1044035E-03
+346.2100E-06,+183.8679629E-03,+182.1044035E-03
+346.4400E-06,+183.8679629E-03,+182.1044035E-03
+346.6700E-06,+183.8679629E-03,+182.1044035E-03
+346.9000E-06,+183.8679629E-03,+182.1044035E-03
+347.1300E-06,+183.8679629E-03,+182.1044035E-03
+347.3600E-06,+183.8679629E-03,+182.1044035E-03
+347.5900E-06,+183.8679629E-03,+182.1044035E-03
+347.8200E-06,+183.8679629E-03,+182.1044035E-03
+348.0500E-06,+183.8679629E-03,+182.1044035E-03
+348.2800E-06,+183.8679629E-03,+182.1044035E-03
+348.5100E-06,+183.8679629E-03,+182.1044035E-03
+348.7400E-06,+183.8679629E-03,+182.1044035E-03
+348.9700E-06,+183.8679629E-03,+182.1044035E-03
+349.2000E-06,+183.8679629E-03,+182.1044035E-03
+349.4300E-06,+183.8679629E-03,+182.1044035E-03
+349.6600E-06,+183.8679629E-03,+182.1044035E-03
+349.8900E-06,+183.8679629E-03,+182.1044035E-03
+350.1200E-06,+183.8679629E-03,+182.1044035E-03
+350.3500E-06,+183.8679629E-03,+182.1044035E-03
+350.5800E-06,+183.8679629E-03,+182.1044035E-03
+350.8100E-06,+183.8679629E-03,+182.1044035E-03
+351.0400E-06,+183.8679629E-03,+182.1044035E-03
+351.2700E-06,+183.8679629E-03,+182.1044035E-03
+351.5000E-06,+183.8679629E-03,+182.1044035E-03
+351.7300E-06,+183.8679629E-03,+182.1044035E-03
+351.9600E-06,+183.8679629E-03,+182.1044035E-03
+352.1900E-06,+183.8679629E-03,+182.1044035E-03
+352.4200E-06,+183.8679629E-03,+182.1044035E-03
+352.6500E-06,+183.8679629E-03,+182.1044035E-03
+352.8800E-06,+183.8679629E-03,+182.1044035E-03
+353.1100E-06,+183.8679629E-03,+182.1044035E-03
+353.3400E-06,+183.8679629E-03,+182.1044035E-03
+353.5700E-06,+183.8679629E-03,+182.1044035E-03
+353.8000E-06,+183.8679629E-03,+182.1044035E-03
+354.0300E-06,+183.8679629E-03,+182.1044035E-03
+354.2600E-06,+183.8679629E-03,+182.1044035E-03
+354.4900E-06,+183.8679629E-03,+182.1044035E-03
+354.7200E-06,+183.8679629E-03,+182.1044035E-03
+354.9500E-06,+183.8679629E-03,+182.1044035E-03
+355.1800E-06,+183.8679629E-03,+181.9536497E-03
+355.4100E-06,+183.8679629E-03,+182.1044035E-03
+355.6400E-06,+183.8679629E-03,+182.1044035E-03
+355.8700E-06,+183.8679629E-03,+181.9536497E-03
+356.1000E-06,+183.8679629E-03,+181.9536497E-03
+356.3300E-06,+183.8679629E-03,+181.9536497E-03
+356.5600E-06,+183.8679629E-03,+181.9536497E-03
+356.7900E-06,+183.8679629E-03,+181.9536497E-03
+357.0200E-06,+183.8679629E-03,+181.9536497E-03
+357.2500E-06,+183.8679629E-03,+181.9536497E-03
+357.4800E-06,+183.8679629E-03,+181.9536497E-03
+357.7100E-06,+183.8679629E-03,+181.9536497E-03
+357.9400E-06,+183.8679629E-03,+181.9536497E-03
+358.1700E-06,+183.8679629E-03,+181.9536497E-03
+358.4000E-06,+183.8679629E-03,+181.9536497E-03
+358.6300E-06,+183.8679629E-03,+181.9536497E-03
+358.8600E-06,+183.8679629E-03,+181.9536497E-03
+359.0900E-06,+183.8679629E-03,+181.9536497E-03
+359.3200E-06,+183.8679629E-03,+181.9536497E-03
+359.5500E-06,+183.8679629E-03,+181.9536497E-03
+359.7800E-06,+183.8679629E-03,+181.9536497E-03
+360.0100E-06,+183.8679629E-03,+181.9536497E-03
+360.2400E-06,+183.8679629E-03,+181.9536497E-03
+360.4700E-06,+183.8679629E-03,+181.8028960E-03
+360.7000E-06,+183.8679629E-03,+181.8028960E-03
+360.9300E-06,+183.8679629E-03,+181.8028960E-03
+361.1600E-06,+183.8679629E-03,+181.8028960E-03
+361.3900E-06,+183.8679629E-03,+181.8028960E-03
+361.6200E-06,+183.8679629E-03,+181.8028960E-03
+361.8500E-06,+183.8679629E-03,+181.8028960E-03
+362.0800E-06,+183.8679629E-03,+181.8028960E-03
+362.3100E-06,+183.8679629E-03,+181.8028960E-03
+362.5400E-06,+183.8679629E-03,+181.8028960E-03
+362.7700E-06,+183.8679629E-03,+181.8028960E-03
+363.0000E-06,+183.8679629E-03,+181.8028960E-03
+363.2300E-06,+183.8679629E-03,+181.8028960E-03
+363.4600E-06,+183.8679629E-03,+181.8028960E-03
+363.6900E-06,+183.8679629E-03,+181.8028960E-03
+363.9200E-06,+183.8679629E-03,+181.8028960E-03
+364.1500E-06,+183.8679629E-03,+181.8028960E-03
+364.3800E-06,+183.8679629E-03,+181.8028960E-03
+364.6100E-06,+183.8679629E-03,+181.8028960E-03
+364.8400E-06,+183.8679629E-03,+181.8028960E-03
+365.0700E-06,+183.8679629E-03,+181.8028960E-03
+365.3000E-06,+183.8679629E-03,+181.8028960E-03
+365.5300E-06,+183.8679629E-03,+181.8028960E-03
+365.7600E-06,+183.8679629E-03,+181.9536497E-03
+365.9900E-06,+183.8679629E-03,+181.8028960E-03
+366.2200E-06,+183.8679629E-03,+181.8028960E-03
+366.4500E-06,+183.8679629E-03,+181.8028960E-03
+366.6800E-06,+183.8679629E-03,+181.8028960E-03
+366.9100E-06,+183.8679629E-03,+181.9536497E-03
+367.1400E-06,+183.8679629E-03,+181.8028960E-03
+367.3700E-06,+183.8679629E-03,+181.9536497E-03
+367.6000E-06,+183.8679629E-03,+181.8028960E-03
+367.8300E-06,+183.8679629E-03,+181.9536497E-03
+368.0600E-06,+183.8679629E-03,+181.9536497E-03
+368.2900E-06,+183.8679629E-03,+181.9536497E-03
+368.5200E-06,+183.8679629E-03,+181.9536497E-03
+368.7500E-06,+183.8679629E-03,+181.9536497E-03
+368.9800E-06,+183.8679629E-03,+181.9536497E-03
+369.2100E-06,+183.8679629E-03,+181.9536497E-03
+369.4400E-06,+183.8679629E-03,+181.9536497E-03
+369.6700E-06,+183.8679629E-03,+181.9536497E-03
+369.9000E-06,+183.8679629E-03,+181.9536497E-03
+370.1300E-06,+183.8679629E-03,+181.9536497E-03
+370.3600E-06,+183.8679629E-03,+181.9536497E-03
+370.5900E-06,+183.8679629E-03,+181.9536497E-03
+370.8200E-06,+183.8679629E-03,+181.9536497E-03
+371.0500E-06,+183.8679629E-03,+181.9536497E-03
+371.2800E-06,+183.8679629E-03,+181.9536497E-03
+371.5100E-06,+183.8679629E-03,+181.9536497E-03
+371.7400E-06,+183.8679629E-03,+181.9536497E-03
+371.9700E-06,+183.8679629E-03,+181.9536497E-03
+372.2000E-06,+183.8679629E-03,+181.9536497E-03
+372.4300E-06,+183.8679629E-03,+181.9536497E-03
+372.6600E-06,+183.8679629E-03,+181.9536497E-03
+372.8900E-06,+183.8679629E-03,+182.1044035E-03
+373.1200E-06,+183.8679629E-03,+181.9536497E-03
+373.3500E-06,+183.8679629E-03,+182.1044035E-03
+373.5800E-06,+183.8679629E-03,+182.1044035E-03
+373.8100E-06,+183.8679629E-03,+181.9536497E-03
+374.0400E-06,+183.8679629E-03,+182.1044035E-03
+374.2700E-06,+183.8679629E-03,+182.1044035E-03
+374.5000E-06,+183.8679629E-03,+182.1044035E-03
+374.7300E-06,+183.8679629E-03,+182.1044035E-03
+374.9600E-06,+183.8679629E-03,+182.1044035E-03
+375.1900E-06,+183.8679629E-03,+182.1044035E-03
+375.4200E-06,+183.8679629E-03,+182.1044035E-03
+375.6500E-06,+183.8679629E-03,+182.1044035E-03
+375.8800E-06,+183.8679629E-03,+182.1044035E-03
+376.1100E-06,+183.8679629E-03,+182.1044035E-03
+376.3400E-06,+183.8679629E-03,+182.1044035E-03
+376.5700E-06,+183.8679629E-03,+182.1044035E-03
+376.8000E-06,+183.8679629E-03,+182.1044035E-03
+377.0300E-06,+183.8679629E-03,+182.1044035E-03
+377.2600E-06,+183.8679629E-03,+182.1044035E-03
+377.4900E-06,+183.8679629E-03,+182.1044035E-03
+377.7200E-06,+183.8679629E-03,+182.1044035E-03
+377.9500E-06,+183.8679629E-03,+182.1044035E-03
+378.1800E-06,+183.8679629E-03,+182.1044035E-03
+378.4100E-06,+183.8679629E-03,+182.1044035E-03
+378.6400E-06,+183.8679629E-03,+182.1044035E-03
+378.8700E-06,+183.8679629E-03,+182.1044035E-03
+379.1000E-06,+183.8679629E-03,+182.1044035E-03
+379.3300E-06,+183.8679629E-03,+182.1044035E-03
+379.5600E-06,+183.8679629E-03,+182.1044035E-03
+379.7900E-06,+183.8679629E-03,+182.1044035E-03
+380.0200E-06,+183.8679629E-03,+182.1044035E-03
+380.2500E-06,+183.8679629E-03,+182.1044035E-03
+380.4800E-06,+183.8679629E-03,+182.1044035E-03
+380.7100E-06,+183.8679629E-03,+182.1044035E-03
+380.9400E-06,+183.8679629E-03,+182.1044035E-03
+381.1700E-06,+183.8679629E-03,+182.1044035E-03
+381.4000E-06,+183.8679629E-03,+182.1044035E-03
+381.6300E-06,+183.8679629E-03,+182.1044035E-03
+381.8600E-06,+183.8679629E-03,+182.1044035E-03
+382.0900E-06,+183.8679629E-03,+181.9536497E-03
+382.3200E-06,+183.8679629E-03,+181.9536497E-03
+382.5500E-06,+183.8679629E-03,+181.9536497E-03
+382.7800E-06,+183.8679629E-03,+181.9536497E-03
+383.0100E-06,+183.8679629E-03,+181.9536497E-03
+383.2400E-06,+183.8679629E-03,+181.9536497E-03
+383.4700E-06,+183.8679629E-03,+181.9536497E-03
+383.7000E-06,+183.8679629E-03,+181.9536497E-03
+383.9300E-06,+183.8679629E-03,+181.9536497E-03
+384.1600E-06,+183.8679629E-03,+181.9536497E-03
+384.3900E-06,+183.8679629E-03,+181.9536497E-03
+384.6200E-06,+183.8679629E-03,+181.9536497E-03
+384.8500E-06,+183.8679629E-03,+181.9536497E-03
+385.0800E-06,+183.8679629E-03,+181.9536497E-03
+385.3100E-06,+183.8679629E-03,+181.9536497E-03
+385.5400E-06,+183.8679629E-03,+181.9536497E-03
+385.7700E-06,+183.8679629E-03,+181.9536497E-03
+386.0000E-06,+183.8679629E-03,+181.9536497E-03
+386.2300E-06,+183.8679629E-03,+181.9536497E-03
+386.4600E-06,+183.8679629E-03,+181.9536497E-03
+386.6900E-06,+183.8679629E-03,+181.9536497E-03
+386.9200E-06,+183.8679629E-03,+181.9536497E-03
+387.1500E-06,+183.8679629E-03,+181.9536497E-03
+387.3800E-06,+183.8679629E-03,+181.9536497E-03
+387.6100E-06,+183.8679629E-03,+181.9536497E-03
+387.8400E-06,+183.8679629E-03,+181.9536497E-03
+388.0700E-06,+183.8679629E-03,+181.9536497E-03
+388.3000E-06,+183.8679629E-03,+181.9536497E-03
+388.5300E-06,+183.8679629E-03,+181.9536497E-03
+388.7600E-06,+183.8679629E-03,+181.9536497E-03
+388.9900E-06,+183.8679629E-03,+181.9536497E-03
+389.2200E-06,+183.8679629E-03,+181.9536497E-03
+389.4500E-06,+183.8679629E-03,+181.9536497E-03
+389.6800E-06,+183.8679629E-03,+181.9536497E-03
+389.9100E-06,+183.8679629E-03,+181.9536497E-03
+390.1400E-06,+183.8679629E-03,+181.8028960E-03
+390.3700E-06,+183.8679629E-03,+181.8028960E-03
+390.6000E-06,+183.8679629E-03,+181.9536497E-03
+390.8300E-06,+183.8679629E-03,+181.9536497E-03
+391.0600E-06,+183.8679629E-03,+181.9536497E-03
+391.2900E-06,+183.8679629E-03,+181.8028960E-03
+391.5200E-06,+183.8679629E-03,+181.8028960E-03
+391.7500E-06,+183.8679629E-03,+181.9536497E-03
+391.9800E-06,+183.8679629E-03,+181.8028960E-03
+392.2100E-06,+183.8679629E-03,+181.8028960E-03
+392.4400E-06,+183.8679629E-03,+181.9536497E-03
+392.6700E-06,+183.8679629E-03,+181.9536497E-03
+392.9000E-06,+183.8679629E-03,+181.9536497E-03
+393.1300E-06,+183.8679629E-03,+181.9536497E-03
+393.3600E-06,+183.8679629E-03,+181.8028960E-03
+393.5900E-06,+183.8679629E-03,+181.8028960E-03
+393.8200E-06,+183.8679629E-03,+181.9536497E-03
+394.0500E-06,+183.8679629E-03,+181.9536497E-03
+394.2800E-06,+183.8679629E-03,+181.9536497E-03
+394.5100E-06,+183.8679629E-03,+181.9536497E-03
+394.7400E-06,+183.8679629E-03,+181.9536497E-03
+394.9700E-06,+183.8679629E-03,+181.9536497E-03
+395.2000E-06,+183.8679629E-03,+181.9536497E-03
+395.4300E-06,+183.8679629E-03,+181.9536497E-03
+395.6600E-06,+183.8679629E-03,+181.9536497E-03
+395.8900E-06,+183.8679629E-03,+181.9536497E-03
+396.1200E-06,+183.8679629E-03,+181.9536497E-03
+396.3500E-06,+183.8679629E-03,+181.9536497E-03
+396.5800E-06,+183.8679629E-03,+181.9536497E-03
+396.8100E-06,+183.8679629E-03,+181.9536497E-03
+397.0400E-06,+183.8679629E-03,+181.9536497E-03
+397.2700E-06,+183.8679629E-03,+181.9536497E-03
+397.5000E-06,+183.8679629E-03,+181.9536497E-03
+397.7300E-06,+183.8679629E-03,+181.9536497E-03
+397.9600E-06,+183.8679629E-03,+181.9536497E-03
+398.1900E-06,+183.8679629E-03,+181.9536497E-03
+398.4200E-06,+183.8679629E-03,+181.9536497E-03
+398.6500E-06,+183.8679629E-03,+181.9536497E-03
+398.8800E-06,+183.8679629E-03,+181.9536497E-03
+399.1100E-06,+183.8679629E-03,+181.9536497E-03
+399.3400E-06,+183.8679629E-03,+181.9536497E-03
+399.5700E-06,+183.8679629E-03,+181.9536497E-03
+399.8000E-06,+183.8679629E-03,+181.9536497E-03
+400.0300E-06,+183.8679629E-03,+181.9536497E-03
+400.2600E-06,+183.8679629E-03,+181.9536497E-03
+400.4900E-06,+183.8679629E-03,+181.9536497E-03
+400.7200E-06,+183.8679629E-03,+181.9536497E-03
+400.9500E-06,+183.8679629E-03,+181.9536497E-03
+401.1800E-06,+183.8679629E-03,+181.9536497E-03
+401.4100E-06,+183.8679629E-03,+181.9536497E-03
+401.6400E-06,+183.8679629E-03,+181.9536497E-03
+401.8700E-06,+183.8679629E-03,+181.9536497E-03
+402.1000E-06,+183.8679629E-03,+181.9536497E-03
+402.3300E-06,+183.8679629E-03,+181.9536497E-03
+402.5600E-06,+183.8679629E-03,+181.9536497E-03
+402.7900E-06,+183.8679629E-03,+182.1044035E-03
+403.0200E-06,+183.8679629E-03,+181.9536497E-03
+403.2500E-06,+183.8679629E-03,+181.9536497E-03
+403.4800E-06,+183.8679629E-03,+181.9536497E-03
+403.7100E-06,+183.8679629E-03,+181.9536497E-03
+403.9400E-06,+183.8679629E-03,+182.1044035E-03
+404.1700E-06,+183.8679629E-03,+181.9536497E-03
+404.4000E-06,+183.8679629E-03,+182.1044035E-03
+404.6300E-06,+183.8679629E-03,+182.1044035E-03
+404.8600E-06,+183.8679629E-03,+182.1044035E-03
+405.0900E-06,+183.8679629E-03,+182.1044035E-03
+405.3200E-06,+183.8679629E-03,+182.1044035E-03
+405.5500E-06,+183.8679629E-03,+181.9536497E-03
+405.7800E-06,+183.8679629E-03,+181.9536497E-03
+406.0100E-06,+183.8679629E-03,+182.1044035E-03
+406.2400E-06,+183.8679629E-03,+181.9536497E-03
+406.4700E-06,+183.8679629E-03,+182.1044035E-03
+406.7000E-06,+183.8679629E-03,+181.9536497E-03
+406.9300E-06,+183.8679629E-03,+181.9536497E-03
+407.1600E-06,+183.8679629E-03,+181.9536497E-03
+407.3900E-06,+183.8679629E-03,+182.1044035E-03
+407.6200E-06,+183.8679629E-03,+181.9536497E-03
+407.8500E-06,+183.8679629E-03,+181.9536497E-03
+408.0800E-06,+183.8679629E-03,+181.9536497E-03
+408.3100E-06,+183.8679629E-03,+181.9536497E-03
+408.5400E-06,+183.8679629E-03,+181.9536497E-03
+408.7700E-06,+183.8679629E-03,+181.9536497E-03
+409.0000E-06,+183.8679629E-03,+181.9536497E-03
+409.2300E-06,+183.8679629E-03,+181.9536497E-03
+409.4600E-06,+183.8679629E-03,+181.9536497E-03
+409.6900E-06,+183.8679629E-03,+181.9536497E-03
+409.9200E-06,+183.8679629E-03,+181.9536497E-03
+410.1500E-06,+183.8679629E-03,+181.9536497E-03
+410.3800E-06,+183.8679629E-03,+181.9536497E-03
+410.6100E-06,+183.8679629E-03,+181.9536497E-03
+410.8400E-06,+183.8679629E-03,+181.9536497E-03
+411.0700E-06,+183.8679629E-03,+181.9536497E-03
+411.3000E-06,+183.8679629E-03,+181.9536497E-03
+411.5300E-06,+183.8679629E-03,+181.9536497E-03
+411.7600E-06,+183.8679629E-03,+181.9536497E-03
+411.9900E-06,+183.8679629E-03,+181.9536497E-03
+412.2200E-06,+183.8679629E-03,+181.9536497E-03
+412.4500E-06,+183.8679629E-03,+181.9536497E-03
+412.6800E-06,+183.8679629E-03,+181.9536497E-03
+412.9100E-06,+183.8679629E-03,+181.9536497E-03
+413.1400E-06,+183.8679629E-03,+181.9536497E-03
+413.3700E-06,+183.8679629E-03,+181.9536497E-03
+413.6000E-06,+183.8679629E-03,+181.9536497E-03
+413.8300E-06,+183.8679629E-03,+181.9536497E-03
+414.0600E-06,+183.8679629E-03,+181.9536497E-03
+414.2900E-06,+183.8679629E-03,+181.9536497E-03
+414.5200E-06,+183.8679629E-03,+181.9536497E-03
+414.7500E-06,+183.8679629E-03,+181.9536497E-03
+414.9800E-06,+183.8679629E-03,+181.9536497E-03
+415.2100E-06,+183.8679629E-03,+181.9536497E-03
+415.4400E-06,+183.8679629E-03,+181.9536497E-03
+415.6700E-06,+183.8679629E-03,+181.9536497E-03
+415.9000E-06,+183.8679629E-03,+181.9536497E-03
+416.1300E-06,+183.8679629E-03,+181.9536497E-03
+416.3600E-06,+183.8679629E-03,+181.9536497E-03
+416.5900E-06,+183.8679629E-03,+181.9536497E-03
+416.8200E-06,+183.8679629E-03,+181.9536497E-03
+417.0500E-06,+183.8679629E-03,+181.9536497E-03
+417.2800E-06,+183.8679629E-03,+181.9536497E-03
+417.5100E-06,+183.8679629E-03,+181.9536497E-03
+417.7400E-06,+183.8679629E-03,+181.9536497E-03
+417.9700E-06,+183.8679629E-03,+181.9536497E-03
+418.2000E-06,+183.8679629E-03,+181.9536497E-03
+418.4300E-06,+183.8679629E-03,+181.9536497E-03
+418.6600E-06,+183.8679629E-03,+181.9536497E-03
+418.8900E-06,+183.8679629E-03,+181.9536497E-03
+419.1200E-06,+183.8679629E-03,+181.9536497E-03
+419.3500E-06,+183.8679629E-03,+181.9536497E-03
+419.5800E-06,+183.8679629E-03,+181.9536497E-03
+419.8100E-06,+183.8679629E-03,+181.9536497E-03
+420.0400E-06,+183.8679629E-03,+181.9536497E-03
+420.2700E-06,+183.8679629E-03,+181.9536497E-03
+420.5000E-06,+183.8679629E-03,+181.9536497E-03
+420.7300E-06,+183.8679629E-03,+181.9536497E-03
+420.9600E-06,+183.8679629E-03,+181.9536497E-03
+421.1900E-06,+183.8679629E-03,+181.9536497E-03
+421.4200E-06,+183.8679629E-03,+181.9536497E-03
+421.6500E-06,+183.8679629E-03,+181.9536497E-03
+421.8800E-06,+183.8679629E-03,+181.9536497E-03
+422.1100E-06,+183.8679629E-03,+181.9536497E-03
+422.3400E-06,+183.8679629E-03,+181.9536497E-03
+422.5700E-06,+183.8679629E-03,+181.9536497E-03
+422.8000E-06,+183.8679629E-03,+181.9536497E-03
+423.0300E-06,+183.8679629E-03,+181.9536497E-03
+423.2600E-06,+183.8679629E-03,+181.9536497E-03
+423.4900E-06,+183.8679629E-03,+181.9536497E-03
+423.7200E-06,+183.8679629E-03,+181.9536497E-03
+423.9500E-06,+183.8679629E-03,+181.9536497E-03
+424.1800E-06,+183.8679629E-03,+181.9536497E-03
+424.4100E-06,+183.8679629E-03,+181.9536497E-03
+424.6400E-06,+183.8679629E-03,+181.9536497E-03
+424.8700E-06,+183.8679629E-03,+181.9536497E-03
+425.1000E-06,+183.8679629E-03,+181.9536497E-03
+425.3300E-06,+183.8679629E-03,+181.9536497E-03
+425.5600E-06,+183.8679629E-03,+181.9536497E-03
+425.7900E-06,+183.8679629E-03,+181.9536497E-03
+426.0200E-06,+183.8679629E-03,+181.9536497E-03
+426.2500E-06,+183.8679629E-03,+181.9536497E-03
+426.4800E-06,+183.8679629E-03,+181.9536497E-03
+426.7100E-06,+183.8679629E-03,+181.9536497E-03
+426.9400E-06,+183.8679629E-03,+181.9536497E-03
+427.1700E-06,+183.8679629E-03,+181.9536497E-03
+427.4000E-06,+183.8679629E-03,+181.9536497E-03
+427.6300E-06,+183.8679629E-03,+181.9536497E-03
+427.8600E-06,+183.8679629E-03,+181.9536497E-03
+428.0900E-06,+183.8679629E-03,+181.9536497E-03
+428.3200E-06,+183.8679629E-03,+181.9536497E-03
+428.5500E-06,+183.8679629E-03,+181.9536497E-03
+428.7800E-06,+183.8679629E-03,+181.9536497E-03
+429.0100E-06,+183.8679629E-03,+181.9536497E-03
+429.2400E-06,+183.8679629E-03,+181.9536497E-03
+429.4700E-06,+183.8679629E-03,+181.9536497E-03
+429.7000E-06,+183.8679629E-03,+181.9536497E-03
+429.9300E-06,+183.8679629E-03,+181.9536497E-03
+430.1600E-06,+183.8679629E-03,+181.9536497E-03
+430.3900E-06,+183.8679629E-03,+181.9536497E-03
+430.6200E-06,+183.8679629E-03,+181.9536497E-03
+430.8500E-06,+183.8679629E-03,+181.9536497E-03
+431.0800E-06,+183.8679629E-03,+181.9536497E-03
+431.3100E-06,+183.8679629E-03,+181.9536497E-03
+431.5400E-06,+183.8679629E-03,+181.9536497E-03
+431.7700E-06,+183.8679629E-03,+181.9536497E-03
+432.0000E-06,+183.8679629E-03,+181.9536497E-03
+432.2300E-06,+183.8679629E-03,+181.9536497E-03
+432.4600E-06,+183.8679629E-03,+181.9536497E-03
+432.6900E-06,+183.8679629E-03,+181.9536497E-03
+432.9200E-06,+183.8679629E-03,+181.9536497E-03
+433.1500E-06,+183.8679629E-03,+181.9536497E-03
+433.3800E-06,+183.8679629E-03,+181.9536497E-03
+433.6100E-06,+183.8679629E-03,+181.9536497E-03
+433.8400E-06,+183.8679629E-03,+181.9536497E-03
+434.0700E-06,+183.8679629E-03,+181.9536497E-03
+434.3000E-06,+183.8679629E-03,+181.9536497E-03
+434.5300E-06,+183.8679629E-03,+181.9536497E-03
+434.7600E-06,+183.8679629E-03,+181.9536497E-03
+434.9900E-06,+183.8679629E-03,+181.9536497E-03
+435.2200E-06,+183.8679629E-03,+181.9536497E-03
+435.4500E-06,+183.8679629E-03,+181.9536497E-03
+435.6800E-06,+183.8679629E-03,+181.9536497E-03
+435.9100E-06,+183.8679629E-03,+181.9536497E-03
+436.1400E-06,+183.8679629E-03,+181.9536497E-03
+436.3700E-06,+183.8679629E-03,+181.9536497E-03
+436.6000E-06,+183.8679629E-03,+181.9536497E-03
+436.8300E-06,+183.8679629E-03,+181.9536497E-03
+437.0600E-06,+183.8679629E-03,+181.9536497E-03
+437.2900E-06,+183.8679629E-03,+181.9536497E-03
+437.5200E-06,+183.8679629E-03,+181.9536497E-03
+437.7500E-06,+183.8679629E-03,+181.9536497E-03
+437.9800E-06,+183.8679629E-03,+181.9536497E-03
+438.2100E-06,+183.8679629E-03,+181.9536497E-03
+438.4400E-06,+183.8679629E-03,+181.9536497E-03
+438.6700E-06,+183.8679629E-03,+181.9536497E-03
+438.9000E-06,+183.8679629E-03,+181.9536497E-03
+439.1300E-06,+183.8679629E-03,+181.9536497E-03
+439.3600E-06,+183.8679629E-03,+181.9536497E-03
+439.5900E-06,+183.8679629E-03,+181.9536497E-03
+439.8200E-06,+183.7724855E-03,+181.9536497E-03
+440.0500E-06,+183.8679629E-03,+181.9536497E-03
+440.2800E-06,+183.8679629E-03,+181.9536497E-03
+440.5100E-06,+183.8679629E-03,+181.9536497E-03
+440.7400E-06,+183.8679629E-03,+181.9536497E-03
+440.9700E-06,+183.8679629E-03,+181.9536497E-03
+441.2000E-06,+183.8679629E-03,+181.9536497E-03
+441.4300E-06,+183.8679629E-03,+181.9536497E-03
+441.6600E-06,+183.8679629E-03,+181.9536497E-03
+441.8900E-06,+183.8679629E-03,+181.9536497E-03
+442.1200E-06,+183.8679629E-03,+181.9536497E-03
+442.3500E-06,+183.8679629E-03,+181.9536497E-03
+442.5800E-06,+183.8679629E-03,+181.9536497E-03
+442.8100E-06,+183.8679629E-03,+181.9536497E-03
+443.0400E-06,+183.8679629E-03,+181.9536497E-03
+443.2700E-06,+183.8679629E-03,+181.9536497E-03
